{"metadata":{"versionGenoMus":"0.7.4","creationTimecode":20190718155604,"iterations":31,"millisecondsEllapsed":23,"genotypeLength":382},"genotypeSeed":18992013929930,"phenotypeSeed":68255848133576,"encodedGenotype":[0.380786,0.019642,0.958494,0.749517,0.385099,0.286562,0,0.976661,0.020595,0.226107,0,0.061782,0.913015,0,0.266223,0.990222,0,0.552637,0.385575,0,0.413823,0.51059,0.892162,0,0.154882,0.53063,0.06477,0.830333,0,0.370661,0.940735,0,0.377874,0.856648,0,0.131287,0.037462,0.847296,0,0.129795,0.233975,0,0.719107,0.914494,0,0.668131,0.510307,0,0.625487,0.249457,0.405865,0,0.932262,0.564316,0,0.170516,0.172617,0.169061,0.176202,0.514184,0,0.833437,0.253105,0,0.433415,0.945689,0,0.951374,0.925667,0,0.817333,0.354538,0.722812,0,0.761901,0.546934,0,0.055991,0.859937,0,0.493636],"decodedGenotype":"sTwoVoices(vChordsWrapper(cProgression(cConcateDouble(cRandomFourPitchesChord(pGaussRand()),cNote(pGaussRand(),p(0.266223),p(0.552637),pGaussRand()),cMonorhythmicalMotif(p(0.154882),aSteps(pRandRange(p(0.370661),p(0.377874)),p(0.131287),pRandRange(p(0.129795),pGaussRand())),p(0.668131),pRand()),cRandomTwoPitchesChord(pRand())),pRand(),pRandRange(pRandRange(pRandRange(pRand(),pGaussRand()),p(0.951374)),p(0.817333)))),vMutate(vAutoRef(1),pRand(),p(0.493636)))","expandedGenotype":"sTwoVoices(\n    vChordsWrapper(\n        cProgression(\n            cConcateDouble(\n                cRandomFourPitchesChord(\n                    pGaussRand()),\n                cNote(\n                    pGaussRand(),\n                    p(0.266223),\n                    p(0.552637),\n                    pGaussRand()),\n                cMonorhythmicalMotif(\n                    p(0.154882),\n                    aSteps(\n                        pRandRange(\n                            p(0.370661),\n                            p(0.377874)),\n                        p(0.131287),\n                        pRandRange(\n                            p(0.129795),\n                            pGaussRand())),\n                    p(0.668131),\n                    pRand()),\n                cRandomTwoPitchesChord(\n                    pRand())),\n            pRand(),\n            pRandRange(\n                pRandRange(\n                    pRandRange(\n                        pRand(),\n                        pGaussRand()),\n                    p(0.951374)),\n                p(0.817333)))),\n    vMutate(\n        vAutoRef(1),\n        pRand(),\n        p(0.493636)))","leaves":[0.266223,0.552637,0.154882,0.370661,0.377874,0.131287,0.129795,0.668131,0.951374,0.817333,0.266223,0.552637,0.154882,0.370661,0.377874,0.131287,0.129795,0.668131,0.951374,0.817333,0.493636],"encodedLeaves":[[14,0.266223],[17,0.552637],[24,0.154882],[29,0.370661],[32,0.377874],[35,0.131287],[39,0.129795],[45,0.668131],[67,0.951374],[70,0.817333],[80,0.493636]],"subexpressions":{"scoreF":["sTwoVoices(vChordsWrapper(cProgression(cConcateDouble(cRandomFourPitchesChord(pGaussRand()),cNote(pGaussRand(),p(0.266223),p(0.552637),pGaussRand()),cMonorhythmicalMotif(p(0.154882),aSteps(pRandRange(p(0.370661),p(0.377874)),p(0.131287),pRandRange(p(0.129795),pGaussRand())),p(0.668131),pRand()),cRandomTwoPitchesChord(pRand())),pRand(),pRandRange(pRandRange(pRandRange(pRand(),pGaussRand()),p(0.951374)),p(0.817333)))),vMutate(vAutoRef(1),pRand(),p(0.493636)))"],"voiceF":["vChordsWrapper(cProgression(cConcateDouble(cRandomFourPitchesChord(pGaussRand()),cNote(pGaussRand(),p(0.266223),p(0.552637),pGaussRand()),cMonorhythmicalMotif(p(0.154882),aSteps(pRandRange(p(0.370661),p(0.377874)),p(0.131287),pRandRange(p(0.129795),pGaussRand())),p(0.668131),pRand()),cRandomTwoPitchesChord(pRand())),pRand(),pRandRange(pRandRange(pRandRange(pRand(),pGaussRand()),p(0.951374)),p(0.817333))))","vAutoRef(1)","vMutate(vAutoRef(1),pRand(),p(0.493636))"],"chordF":["cRandomFourPitchesChord(pGaussRand())","cNote(pGaussRand(),p(0.266223),p(0.552637),pGaussRand())","cMonorhythmicalMotif(p(0.154882),aSteps(pRandRange(p(0.370661),p(0.377874)),p(0.131287),pRandRange(p(0.129795),pGaussRand())),p(0.668131),pRand())","cRandomTwoPitchesChord(pRand())","cConcateDouble(cRandomFourPitchesChord(pGaussRand()),cNote(pGaussRand(),p(0.266223),p(0.552637),pGaussRand()),cMonorhythmicalMotif(p(0.154882),aSteps(pRandRange(p(0.370661),p(0.377874)),p(0.131287),pRandRange(p(0.129795),pGaussRand())),p(0.668131),pRand()),cRandomTwoPitchesChord(pRand()))","cProgression(cConcateDouble(cRandomFourPitchesChord(pGaussRand()),cNote(pGaussRand(),p(0.266223),p(0.552637),pGaussRand()),cMonorhythmicalMotif(p(0.154882),aSteps(pRandRange(p(0.370661),p(0.377874)),p(0.131287),pRandRange(p(0.129795),pGaussRand())),p(0.668131),pRand()),cRandomTwoPitchesChord(pRand())),pRand(),pRandRange(pRandRange(pRandRange(pRand(),pGaussRand()),p(0.951374)),p(0.817333)))"],"modeF":[],"arrayF":["aSteps(pRandRange(p(0.370661),p(0.377874)),p(0.131287),pRandRange(p(0.129795),pGaussRand()))"],"paramF":["pGaussRand()","pRandRange(p(0.370661),p(0.377874))","pRandRange(p(0.129795),pGaussRand())","pRand()","pRandRange(pRand(),pGaussRand())","pRandRange(pRandRange(pRand(),pGaussRand()),p(0.951374))","pRandRange(pRandRange(pRandRange(pRand(),pGaussRand()),p(0.951374)),p(0.817333))"]},