{"metadata":{"versionGenoMus":"0.7.04","creationTimecode":20190624131819,"iterations":0,"millisecondsEllapsed":2,"genotypeLength":162},"genotypeSeed":35180977327036,"phenotypeSeed":769278700,"encodedGenotype":[0.632219,0.911013,0.951135,0.490366,0.095237,0.965039,0.549529,0.314784,0,0.779529,0.371823,0.894522,0,0.305399,0.342117,0,0.378939,0.422972,0,0.586193,0.560133,0,0.796009,0.853605,0,0.894858,0.468143,0,0.595436,0.569445,0,0.191914,0.369973,0,0.956416,0.087141,0.371464,0,0.152886,0.263483,0,0.484763,0.269842,0.929037,0,0.306862,0.254229,0.368522,0,0.883597,0.123047,0.677545,0.062945,0.853368,0.230723,0.616992,0,0.727822,0.457175,0.57091,0,0.231512,0.608161,0,0.406305,0.080328,0.75675,0.491999,0.913718,0,0.61288,0.229908,0,0.417138,0.436465,0,0.84818,0.144201,0.820108,0,0.723275,0.646553,0,0.572798,0.776032,0.680521,0.27818,0.022161,0.839106,0,0.252159,0.285597,0,0.767257,0.302327,0.384246,0,0.756148,0.069748,0.742066,0.900401,0.561912,0.815742,0.189793,0.565378,0,0.432004,0.235029,0,0.06686,0.117141,0.206131,0,0.201234,0.238465,0.536564,0,0.207234,0.216136,0,0.944685,0.711372,0,0.422269,0.105869,0.329693,0,0.220496,0.627461,0,0.345105,0.753172,0.037002,0.37531,0,0.196754,0.349954,0,0.988047,0.505634,0,0.031884,0.194641,0.822463,0,0.076726,0.500992,0,0.178534,0.25146,0.673869,0,0.877273,0.311703,0.195627,0.959406,0,0.294944,0.995866,0,0.442234,0.927015,0.338965,0.977748,0,0.210492,0.990562,0,0.211989,0.813816,0,0.711752,0.360895,0.913154,0,0.859677,0.374091,0,0.859521,0.040632,0.051708,0.77684,0,0.103568,0.369839,0,0.939445,0.273339,0,0.650512,0.976913,0,0.703474,0.927074,0,0.13613,0.926123,0.100477,0.841218,0.630953,0.93011,0.933671,0.133765,0.55344,0,0.766088,0.950198,0,0.087763,0.253418,0,0.777976,0.987484,0.089738,0.487802,0,0.737476,0.23513,0,0.686883,0.194828,0.030259,0.245862,0,0.737551,0.340007,0,0.238608,0.201203,0.453173,0,0.305894,0.96142,0,0.568353,0.340637,0,0.900286,0.64133,0.618349,0,0.023824,0.031567,0.745158,0,0.346942,0.319511,0,0.291527,0.09539,0.618557,0,0.631203,0.370016,0,0.983542,0.288531,0.936503,0,0.011133,0.046507,0.223546,0,0.907167,0.295018,0,0.431861,0.386011,0,0.84187,0.906414,0,0.608857,0.77674,0,0.397988,0.702092,0,0.559035,0.529368,0,0.51451],"decodedGenotype":"sVoiceWrapper(vChordsWrapper(cProgression(cConcateDouble(cRandomNote(pRand(),pRand(),pRand(),pRand()),cRandomNote(pRand(),pRand(),pRand(),pRand()),cRandomNote(pRand(),pRand(),pRand(),pRand()),cRandomNote(pRand(),pRand(),pRand(),pRand())),pRand(),pRand())))","expandedGenotype":"sVoiceWrapper(\n    vChordsWrapper(\n        cProgression(\n            cConcateDouble(\n                cRandomNote(\n                    pRand(),\n                    pRand(),\n                    pRand(),\n                    pRand()),\n                cRandomNote(\n                    pRand(),\n                    pRand(),\n                    pRand(),\n                    pRand()),\n                cRandomNote(\n                    pRand(),\n                    pRand(),\n                    pRand(),\n                    pRand()),\n                cRandomNote(\n                    pRand(),\n                    pRand(),\n                    pRand(),\n                    pRand())),\n            pRand(),\n            pRand())))","leaves":[],"encodedLeaves":[[13,0.305399],[25,0.894858],[45,0.306862],[70,0.61288],[80,0.723275],[90,0.252159],[145,0.076726],[157,0.294944],[160,0.442234],[165,0.210492],[168,0.211989],[175,0.859677],[192,0.703474],[195,0.13613],[208,0.087763],[234,0.568353],[259,0.011133],[272,0.608857]],"subexpressions":{"scoreF":["sVoiceWrapper(vChordsWrapper(cProgression(cConcateDouble(cRandomNote(pRand(),pRand(),pRand(),pRand()),cRandomNote(pRand(),pRand(),pRand(),pRand()),cRandomNote(pRand(),pRand(),pRand(),pRand()),cRandomNote(pRand(),pRand(),pRand(),pRand())),pRand(),pRand())))"],"voiceF":["vChordsWrapper(cProgression(cConcateDouble(cRandomNote(pRand(),pRand(),pRand(),pRand()),cRandomNote(pRand(),pRand(),pRand(),pRand()),cRandomNote(pRand(),pRand(),pRand(),pRand()),cRandomNote(pRand(),pRand(),pRand(),pRand())),pRand(),pRand()))"],"chordF":["cRandomNote(pRand(),pRand(),pRand(),pRand())","cConcateDouble(cRandomNote(pRand(),pRand(),pRand(),pRand()),cRandomNote(pRand(),pRand(),pRand(),pRand()),cRandomNote(pRand(),pRand(),pRand(),pRand()),cRandomNote(pRand(),pRand(),pRand(),pRand()))","cProgression(cConcateDouble(cRandomNote(pRand(),pRand(),pRand(),pRand()),cRandomNote(pRand(),pRand(),pRand(),pRand()),cRandomNote(pRand(),pRand(),pRand(),pRand()),cRandomNote(pRand(),pRand(),pRand(),pRand())),pRand(),pRand())"],"modeF":[],"arrayF":[],"paramF":["pRand()"]},"phenotype":[1,0.4110287706945849,1,0.4199090926320465,0.5156582069869237,0.797344867462265,0.4359549376192101,1,0.48519529385221827,0.5699883793446522,0.8969664841314083,0.5700243150327962,1,0.7116646209153539,0.3339752967574491,0.32872922946297456,0.5339458512968474,1,0.508753391401656,0.26918972249888395,0.35052749153178064,0.4110287706945849,1,0.4999090926320465,0.5156582069869237,0.797344867462265,0.4359549376192101,1,0.5651952938522182,0.5699883793446522,0.8969664841314083,0.5700243150327962,1,0.7916646209153538,0.3339752967574491,0.32872922946297456,0.5339458512968474,1,0.588753391401656,0.26918972249888395,0.35052749153178064,0.4110287706945849,1,0.5799090926320465,0.5156582069869237,0.797344867462265,0.4359549376192101,1,0.6451952938522183,0.5699883793446522,0.8969664841314083,0.5700243150327962,1,0.8716646209153539,0.3339752967574491,0.32872922946297456,0.5339458512968474,1,0.668753391401656,0.26918972249888395,0.35052749153178064,0.4110287706945849,1,0.6599090926320466,0.5156582069869237,0.797344867462265,0.4359549376192101,1,0.7251952938522183,0.5699883793446522,0.8969664841314083,0.5700243150327962,1,0.9516646209153539,0.3339752967574491,0.32872922946297456,0.5339458512968474,1,0.748753391401656,0.26918972249888395,0.35052749153178064,0.4110287706945849,1,0.7399090926320465,0.5156582069869237,0.797344867462265,0.4359549376192101,1,0.8051952938522182,0.5699883793446522,0.8969664841314083,0.5700243150327962,1,1,0.3339752967574491,0.32872922946297456,0.5339458512968474,1,0.828753391401656,0.26918972249888395,0.35052749153178064,0.4110287706945849,1,0.8199090926320465,0.5156582069869237,0.797344867462265,0.4359549376192101,1,0.8851952938522183,0.5699883793446522,0.8969664841314083,0.5700243150327962,1,1,0.3339752967574491,0.32872922946297456,0.5339458512968474,1,0.908753391401656,0.26918972249888395,0.35052749153178064,0.4110287706945849,1,0.8999090926320465,0.5156582069869237,0.797344867462265,0.4359549376192101,1,0.9651952938522183,0.5699883793446522,0.8969664841314083,0.5700243150327962,1,1,0.3339752967574491,0.32872922946297456,0.5339458512968474,1,0.988753391401656,0.26918972249888395,0.35052749153178064,0.4110287706945849,1,0.9799090926320466,0.5156582069869237,0.797344867462265,0.4359549376192101,1,1,0.5699883793446522,0.8969664841314083,0.5700243150327962,1,1,0.3339752967574491,0.32872922946297456,0.5339458512968474,1,1,0.26918972249888395,0.35052749153178064,0],