{"metadata":{"versionGenoMus":"0.7.4","creationTimecode":20190624074103,"iterations":13,"millisecondsEllapsed":32,"genotypeLength":401},"genotypeSeed":91225760160897,"phenotypeSeed":85137506551645,"encodedGenotype":[0.478742,0.571576,0,0.322453,0.275946,0.015305,0.985503,0.586563,0.580068,0.45933,0,0.137966,0.698659,0,0.333334,0.703021,0,0.132761,0.662396,0,0.122861,0.498867,0.519171,0,0.2381,0.5183,0,0.377144,0.178374,0.565323,0,0.061161,0.969205,0,0.225314,0.941113,0.983321,0.481211,0.150997,0.068577,0.129568,0.697176,0,0.722154,0.169185,0.74867,0,0.681767,0.56743,0,0.219631,0.318815,0,0.941646,0.507531,0,0.210725,0.590153,0,0.150328,0.904101,0,0.495097,0.804577,0,0.294674,0.099458,0.699685,0,0.008232,0.302664,0,0.90825,0.707269,0,0.357734,0.68536,0,0.058898,0.845786,0,0.606219,0.767136,0,0.153829,0.098393,0.073091,0.5983,0.722816,0,0.534496,0.930872,0.279081,0.186635,0.760449,0,0.75017,0.998235,0,0.563009,0.866353,0,0.39826,0.77373,0,0.030917,0.64548,0,0.207888,0.143506,0.077471,0.599192,0,0.511457,0.578394,0,0.420371,0.727266,0,0.692987,0.208209,0,0.459273],"decodedGenotype":"sThreeVoices(vAutoRef(0),vMutate(vChordsWrapper(cProgression(cMelodicMotif(aSteps(pRand(),pAutoRef(1),pAutoRef(2)),aAutoRef(1),aSteps(pRand(),pRand(),pRandRange(pRand(),p(0.225314))),aLoop(aLoop(aSteps(pRandRange(pRandRange(pRandRange(pAutoRef(3),pRandRange(pAutoRef(1),pRand())),pGaussRand()),pRand()),pRand(),p(0.495097)),p(0.294674)),pRandRange(pAutoRef(3),pGaussRand()))),pAutoRef(1),pAutoRef(4))),p(0.606219),pAutoRef(10)),vChordsWrapper(cRepeatBlock(cMelodicMotif(aAutoRef(1),aLoop(aRndRangeArray(pRandRange(pAutoRef(7),p(0.563009)),p(0.39826),pAutoRef(1)),pAutoRef(13)),aRandomArray(pRandRange(pRand(),pRand())),aAutoRef(7)),pGaussRand())))","expandedGenotype":"sThreeVoices(\n    vAutoRef(0),\n    vMutate(\n        vChordsWrapper(\n            cProgression(\n                cMelodicMotif(\n                    aSteps(\n                        pRand(),\n                        pAutoRef(1),\n                        pAutoRef(2)),\n                    aAutoRef(1),\n                    aSteps(\n                        pRand(),\n                        pRand(),\n                        pRandRange(\n                            pRand(),\n                            p(0.225314))),\n                    aLoop(\n                        aLoop(\n                            aSteps(\n                                pRandRange(\n                                    pRandRange(\n                                        pRandRange(\n                                            pAutoRef(3),\n                                            pRandRange(\n                                                pAutoRef(1),\n                                                pRand())),\n                                        pGaussRand()),\n                                    pRand()),\n                                pRand(),\n                                p(0.495097)),\n                            p(0.294674)),\n                        pRandRange(\n                            pAutoRef(3),\n                            pGaussRand()))),\n                pAutoRef(1),\n                pAutoRef(4))),\n        p(0.606219),\n        pAutoRef(10)),\n    vChordsWrapper(\n        cRepeatBlock(\n            cMelodicMotif(\n                aAutoRef(1),\n                aLoop(\n                    aRndRangeArray(\n                        pRandRange(\n                            pAutoRef(7),\n                            p(0.563009)),\n                        p(0.39826),\n                        pAutoRef(1)),\n                    pAutoRef(13)),\n                aRandomArray(\n                    pRandRange(\n                        pRand(),\n                        pRand())),\n                aAutoRef(7)),\n            pGaussRand())))","leaves":[0.6,0.6,0.6,0.6,0.225314,0.495097,0.294674,0.225314,0.606219,0.563009,0.39826,0.563009,0.39826],"encodedLeaves":[[34,0.225314],[62,0.495097],[65,0.294674],[81,0.606219],[99,0.563009],[102,0.39826]],"subexpressions":{"scoreF":["sThreeVoices(vAutoRef(0),vMutate(vChordsWrapper(cProgression(cMelodicMotif(aSteps(pRand(),pAutoRef(1),pAutoRef(2)),aAutoRef(1),aSteps(pRand(),pRand(),pRandRange(pRand(),p(0.225314))),aLoop(aLoop(aSteps(pRandRange(pRandRange(pRandRange(pAutoRef(3),pRandRange(pAutoRef(1),pRand())),pGaussRand()),pRand()),pRand(),p(0.495097)),p(0.294674)),pRandRange(pAutoRef(3),pGaussRand()))),pAutoRef(1),pAutoRef(4))),p(0.606219),pAutoRef(10)),vChordsWrapper(cRepeatBlock(cMelodicMotif(aAutoRef(1),aLoop(aRndRangeArray(pRandRange(pAutoRef(7),p(0.563009)),p(0.39826),pAutoRef(1)),pAutoRef(13)),aRandomArray(pRandRange(pRand(),pRand())),aAutoRef(7)),pGaussRand())))"],"voiceF":["vChordsWrapper(cNote(p(0.6),p(0.6),p(0.6),p(0.6)))","vAutoRef(0)","vChordsWrapper(cProgression(cMelodicMotif(aSteps(pRand(),pAutoRef(1),pAutoRef(2)),aAutoRef(1),aSteps(pRand(),pRand(),pRandRange(pRand(),p(0.225314))),aLoop(aLoop(aSteps(pRandRange(pRandRange(pRandRange(pAutoRef(3),pRandRange(pAutoRef(1),pRand())),pGaussRand()),pRand()),pRand(),p(0.495097)),p(0.294674)),pRandRange(pAutoRef(3),pGaussRand()))),pAutoRef(1),pAutoRef(4)))","vMutate(vChordsWrapper(cProgression(cMelodicMotif(aSteps(pRand(),pAutoRef(1),pAutoRef(2)),aAutoRef(1),aSteps(pRand(),pRand(),pRandRange(pRand(),p(0.225314))),aLoop(aLoop(aSteps(pRandRange(pRandRange(pRandRange(pAutoRef(3),pRandRange(pAutoRef(1),pRand())),pGaussRand()),pRand()),pRand(),p(0.495097)),p(0.294674)),pRandRange(pAutoRef(3),pGaussRand()))),pAutoRef(1),pAutoRef(4))),p(0.606219),pAutoRef(10))","vChordsWrapper(cRepeatBlock(cMelodicMotif(aAutoRef(1),aLoop(aRndRangeArray(pRandRange(pAutoRef(7),p(0.563009)),p(0.39826),pAutoRef(1)),pAutoRef(13)),aRandomArray(pRandRange(pRand(),pRand())),aAutoRef(7)),pGaussRand()))"],"chordF":["cNote(p(0.6),p(0.6),p(0.6),p(0.6))","cMelodicMotif(aSteps(pRand(),pAutoRef(1),pAutoRef(2)),aAutoRef(1),aSteps(pRand(),pRand(),pRandRange(pRand(),p(0.225314))),aLoop(aLoop(aSteps(pRandRange(pRandRange(pRandRange(pAutoRef(3),pRandRange(pAutoRef(1),pRand())),pGaussRand()),pRand()),pRand(),p(0.495097)),p(0.294674)),pRandRange(pAutoRef(3),pGaussRand())))","cProgression(cMelodicMotif(aSteps(pRand(),pAutoRef(1),pAutoRef(2)),aAutoRef(1),aSteps(pRand(),pRand(),pRandRange(pRand(),p(0.225314))),aLoop(aLoop(aSteps(pRandRange(pRandRange(pRandRange(pAutoRef(3),pRandRange(pAutoRef(1),pRand())),pGaussRand()),pRand()),pRand(),p(0.495097)),p(0.294674)),pRandRange(pAutoRef(3),pGaussRand()))),pAutoRef(1),pAutoRef(4))","cMelodicMotif(aAutoRef(1),aLoop(aRndRangeArray(pRandRange(pAutoRef(7),p(0.563009)),p(0.39826),pAutoRef(1)),pAutoRef(13)),aRandomArray(pRandRange(pRand(),pRand())),aAutoRef(7))","cRepeatBlock(cMelodicMotif(aAutoRef(1),aLoop(aRndRangeArray(pRandRange(pAutoRef(7),p(0.563009)),p(0.39826),pAutoRef(1)),pAutoRef(13)),aRandomArray(pRandRange(pRand(),pRand())),aAutoRef(7)),pGaussRand())"],"modeF":[],"arrayF":["aSteps(pRand(),pAutoRef(1),pAutoRef(2))","aAutoRef(1)","aSteps(pRand(),pRand(),pRandRange(pRand(),p(0.225314)))","aSteps(pRandRange(pRandRange(pRandRange(pAutoRef(3),pRandRange(pAutoRef(1),pRand())),pGaussRand()),pRand()),pRand(),p(0.495097))","aLoop(aSteps(pRandRange(pRandRange(pRandRange(pAutoRef(3),pRandRange(pAutoRef(1),pRand())),pGaussRand()),pRand()),pRand(),p(0.495097)),p(0.294674))","aLoop(aLoop(aSteps(pRandRange(pRandRange(pRandRange(pAutoRef(3),pRandRange(pAutoRef(1),pRand())),pGaussRand()),pRand()),pRand(),p(0.495097)),p(0.294674)),pRandRange(pAutoRef(3),pGaussRand()))","aRndRangeArray(pRandRange(pAutoRef(7),p(0.563009)),p(0.39826),pAutoRef(1))","aLoop(aRndRangeArray(pRandRange(pAutoRef(7),p(0.563009)),p(0.39826),pAutoRef(1)),pAutoRef(13))","aRandomArray(pRandRange(pRand(),pRand()))","aAutoRef(7)"],