{"metadata":{"specimenID":"20201220193710598_jlm_thrill","iterations":3,"milliseconsElapsed":98,"voices":1,"events":77,"genotypeLength":456,"depth":6},"initialConditions":{"species":"piano","eligibleFunctions":[0,1,2,3,4,5,7,9,10,11,12,15,17,19,20,25,26,27,28,29,35,36,37,41,42,43,44,46,48,58,63,65,66,67,68,76,77,84,98,99,100,104,109,110,111,131,134,135,199,200,201,202,277,279,281,282,284,286,288,290,291,294,296,298,299,302,304,306,307,310,312,314,315,316,317,318],"maxAllowedDepth":16,"germinalVector":[0.164114,0.604494,0.931397,0.923722,0.648283,0.767003,0.797903,0.142837,0.07653,0.987779,0.574891,0.935951,0.022228,0.02593,0.987543,0.909988,0.86353,0.820158,0.212733,0.35951,0.380902,0.023298,0.408173,0.942469,0.301196,0.335928,0.155771,0.626008,0.810519,0.403338,0.014106,0.353803,0.95249,0.553696,0.927792,0.502742,0.942982,0.184622,0.830861,0.629724,0.668547,0.486956,0.714527,0.5375,0.971439,0.620514,0.852774,0.682353,0.375423,0.890754,0.434142,0.931146,0.185563,0.618622,0.330756,0.567616,0.611005,0.018712,0.538785,0.472195,0.356356,0.990149,0.817566,0.469268,0.391081,0.17913,0.760124,0.288278,0.614061,0.606532,0.845666,0.668532,0.617359,0.468303,0.498729,0.752962,0.672408,0.483058,0.722368,0.847271,0.546019,0.530553,0.870872,0.188316,0.718514,0.377865,0.965546,0.84573,0.079478],"genotypeSeed":"1213726713217149","phenotypeSeed":"40234787283828"},"encodedGenotype":[1,0.472136,1,0.936141,1,0.534808,1,0.842866,1,0.09017,0.51,0,0,1,0.506578,0.53,0.89,0.53,0.53,0.53,0.76,0.53,0.15,0,1,0.742646,0.55,0.720363,0.55,0.677241,0.55,0.644776,0.55,0.369267,0.55,0.438967,0.55,0.448867,0.55,0.122664,0.55,0.463049,0.55,0.765316,0.55,0.417924,0.55,0.428668,0.55,0.332183,0,1,0.792163,1,0.680706,0,1,0.285585,0.57,0,0,1,0.798374,0.57,0.485292,0,0,0,1,0.416408,0.58,0.55,0,0,1,0.988764,1,0.27051,0.51,0,0,1,0.882333,1,0.938061,1,0.826604,0,1,0.826604,0,1,0.798374,0.57,0.27051,0,0,1,0.431483,0.57,0,0,1,0.431483,0.57,0.618034,0,0,1,0.118401,1,0.118401,1,0.229857,0.57,0,0,1,0.062672,0,1,0.667551,0.57,0,0,0,1,0.667551,0.57,0.618034,0,1,0.062672,0,0,1,0.792163,1,0.680706,0,1,0.680706,0,1,0.798374,0.57,0.249224,0,0,0,1,0.304952,0.57,0.236068,0,0,0],"decodedGenotype":"s(vABCABv(vSlice(vPerpetuumMobileLoop(n(0.000001),lm(101,65,88,27),la(123,104,91,20,32,34,1,37,145,28,30,15),liLine(iRnd(),iAutoref(0),z(38))),q(1)),vMotif(ln(0.00390625),lmRemap(lmLine(mRnd(),mRnd(),z(15)),mAutoref(0),mAutoref(1)),laRemap(laRemap(laAutoref(0),aRnd(),aAutoref(0)),aAutoref(1),aRnd()),liLine(iRnd(),iRnd(),z(36))),vAutoref(2)))","formattedGenotype":"s(\n   vABCABv(\n      vSlice(\n         vPerpetuumMobileLoop(\n            n(0.000001),\n            lm(\n               101,\n               65,\n               88,\n               27),\n            la(\n               123,\n               104,\n               91,\n               20,\n               32,\n               34,\n               1,\n               37,\n               145,\n               28,\n               30,\n               15),\n            liLine(\n               iRnd(),\n               iAutoref(0),\n               z(38))),\n         q(1)),\n      vMotif(\n         ln(\n            0.00390625),\n         lmRemap(\n            lmLine(\n               mRnd(),\n               mRnd(),\n               z(15)),\n            mAutoref(0),\n            mAutoref(1)),\n         laRemap(\n            laRemap(\n               laAutoref(0),\n               aRnd(),\n               aAutoref(0)),\n            aAutoref(1),\n            aRnd()),\n         liLine(\n            iRnd(),\n            iRnd(),\n            z(36))),\n      vAutoref(2)))","encodedPhenotype":[0.618034,0.588617,0,0.618034,0.53,0.677241,0.339632,0,0.618034,0.76,0.644776,0.343061,0,0.618034,0.15,0.369267,0.346489,0,0.618034,0.89,0.438967,0.349917,0,0.618034,0.53,0.448867,0.353345,0,0.618034,0.76,0.122664,0.356773,0,0.618034,0.15,0.463049,0.360201,0,0.618034,0.89,0.765316,0.363629,0,0.618034,0.53,0.417924,0.367057,0,0.618034,0.76,0.428668,0.370485,0,0.618034,0.15,0.332183,0.373913,0,0.618034,0.89,0.720363,0.377341,0,0.618034,0.53,0.677241,0.380769,0,0.618034,0.76,0.644776,0.384197,0,0.618034,0.15,0.369267,0.387626,0,0.618034,0.89,0.438967,0.391054,0,0.618034,0.53,0.448867,0.394482,0,0.618034,0.76,0.122664,0.39791,0,0.618034,0.15,0.463049,0.401338,0,0.618034,0.89,0.765316,0.404766,0,0.618034,0.53,0.417924,0.408194,0,0.618034,0.76,0.428668,0.411622,0,0.618034,0.15,0.332183,0.41505,0,0.618034,0.89,0.720363,0.418478,0,0.618034,0.53,0.677241,0.421906,0,0.618034,0.76,0.644776,0.425334,0,0.618034,0.15,0.369267,0.428763,0,0.618034,0.89,0.438967,0.432191,0,0.618034,0.53,0.448867,0.435619,0,0.618034,0.76,0.122664,0.439047,0,0.618034,0.15,0.463049,0.442475,0,0.618034,0.89,0.765316,0.445903,0,0.618034,0.53,0.417924,0.449331,0,0.618034,0.76,0.428668,0.452759,0,0.618034,0.15,0.332183,0.456187,0,0.618034,0.89,0.720363,0.459615,0,0.618034,0.53,0.677241,0.463043,0,0.618034,0.431691,0.386368,0.5663634493821363,0,0.618034,0.458687,0.472923,0.4607382359951323,0,0.618034,0.53,0.677241,0.339632,0,0.618034,0.76,0.644776,0.343061,0,0.618034,0.15,0.369267,0.346489,0,0.618034,0.89,0.438967,0.349917,0,0.618034,0.53,0.448867,0.353345,0,0.618034,0.76,0.122664,0.356773,0,0.618034,0.15,0.463049,0.360201,0,0.618034,0.89,0.765316,0.363629,0,0.618034,0.53,0.417924,0.367057,0,0.618034,0.76,0.428668,0.370485,0,0.618034,0.15,0.332183,0.373913,0,0.618034,0.89,0.720363,0.377341,0,0.618034,0.53,0.677241,0.380769,0,0.618034,0.76,0.644776,0.384197,0,0.618034,0.15,0.369267,0.387626,0,0.618034,0.89,0.438967,0.391054,0,0.618034,0.53,0.448867,0.394482,0,0.618034,0.76,0.122664,0.39791,0,0.618034,0.15,0.463049,0.401338,0,0.618034,0.89,0.765316,0.404766,0,0.618034,0.53,0.417924,0.408194,0,0.618034,0.76,0.428668,0.411622,0,0.618034,0.15,0.332183,0.41505,0,0.618034,0.89,0.720363,0.418478,0,0.618034,0.53,0.677241,0.421906,0,0.618034,0.76,0.644776,0.425334,0,0.618034,0.15,0.369267,0.428763,0,0.618034,0.89,0.438967,0.432191,0,0.618034,0.53,0.448867,0.435619,0,0.618034,0.76,0.122664,0.439047,0,0.618034,0.15,0.463049,0.442475,0,0.618034,0.89,0.765316,0.445903,0,0.618034,0.53,0.417924,0.449331,0,0.618034,0.76,0.428668,0.452759,0,0.618034,0.15,0.332183,0.456187,0,0.618034,0.89,0.720363,0.459615,0,0.618034,0.53,0.677241,0.463043,0,0.618034,0.431691,0.386368,0.5663634493821363],"subexpressions":{"paramF":[],"listF":[],"eventF":[],"voiceF":["vPerpetuumMobileLoop(n(0.000001),lm(101,65,88,27),la(123,104,91,20,32,34,1,37,145,28,30,15),liLine(iRnd(),iAutoref(0),z(38)))","vSlice(vPerpetuumMobileLoop(n(0.000001),lm(101,65,88,27),la(123,104,91,20,32,34,1,37,145,28,30,15),liLine(iRnd(),iAutoref(0),z(38))),q(1))","vMotif(ln(0.00390625),lmRemap(lmLine(mRnd(),mRnd(),z(15)),mAutoref(0),mAutoref(1)),laRemap(laRemap(laAutoref(0),aRnd(),aAutoref(0)),aAutoref(1),aRnd()),liLine(iRnd(),iRnd(),z(36)))","vMotif(ln(0.00390625),lmRemap(lmLine(mRnd(),mRnd(),z(18)),mAutoref(0),mAutoref(1)),laRemap(laRemap(laAutoref(0),aRnd(),aAutoref(0)),aAutoref(1),aRnd()),liLine(iRnd(),iRnd(),z(39)))","vAutoref(2)","vABCABv(vSlice(vPerpetuumMobileLoop(n(0.000001),lm(101,65,88,27),la(123,104,91,20,32,34,1,37,145,28,30,15),liLine(iRnd(),iAutoref(0),z(38))),q(1)),vMotif(ln(0.00390625),lmRemap(lmLine(mRnd(),mRnd(),z(15)),mAutoref(0),mAutoref(1)),laRemap(laRemap(laAutoref(0),aRnd(),aAutoref(0)),aAutoref(1),aRnd()),liLine(iRnd(),iRnd(),z(36))),vAutoref(2))"],"scoreF":["s(vABCABv(vSlice(vPerpetuumMobileLoop(n(0.000001),lm(101,65,88,27),la(123,104,91,20,32,34,1,37,145,28,30,15),liLine(iRnd(),iAutoref(0),z(38))),q(1)),vMotif(ln(0.00390625),lmRemap(lmLine(mRnd(),mRnd(),z(15)),mAutoref(0),mAutoref(1)),laRemap(laRemap(laAutoref(0),aRnd(),aAutoref(0)),aAutoref(1),aRnd()),liLine(iRnd(),iRnd(),z(36))),vAutoref(2)))"],"notevalueF":["n(0.000001)"],"lnotevalueF":["ln(0.00390625)"],"durationF":[],"ldurationF":[],"midipitchF":["mRnd()","mAutoref(0)","mAutoref(1)"],