{"20220414070259990_jlm_tycomp":{"species":"piano","specimenType":"scoreF","localEligibleFunctions":{"includedFunctions":[0,1,2,3,4,5,6,7,8,9,10,11,12,15,16,17,18,19,20,25,26,28,29,35,36,37,41,42,43,44,46,48,58,63,65,66,67,68,76,77,84,98,99,100,101,104,109,110,111,131,134,135,199,200,201,202,266,277,278,279,280,281,282,284,286,288,290,291,294,296,298,299,302,304,306,307,310,311,312,313,314,315,316,317,318,319,320,321,322,323,324,326],"excludedFunctions":[]},"listsMaxNumItems":16,"seedForAlea":465049316789799,"germinalVector":[1,0.193496,1,0.193496,1,0.472136,1,0.429563,1,0.803399,1,0.09017,0.51,0.905769,0,1,0.326238,0.53,0.475021,0,1,0.431483,0.57,0,0,1,0.826604,0,1,0.431483,0.57,0.236068,0,1,0.562306,0.55,0.588433,0,1,0.680706,0,0,1,0.416408,0.58,0.154465,0,0,0,1,0.193496,1,0.193496,1,0.472136,1,0.304952,0.57,0,0,0,1,0.472136,1,0.988764,1,0.701993,1,0.590537,0,1,0.09017,0.51,0.761384,0,1,0.798374,0.57,0.283665,0,0,1,0.38891,1,0.026311,1,0.962453,0,1,0.45085,0.57,0,0,1,0.45085,0.57,0.618034,0,1,0.45085,0.57,0,0,1,0.962453,0,0,0,1,0.174129,1,0.667551,0.57,0,0,1,0.062672,0,1,0.798374,0.57,0.790243,0,0,1,0.736435,1,0.243012,1,0.914855,1,0.026311,1,0.45085,0.57,0.618034,0,1,0.962453,0,1,0.962453,0,1,0,0.5,0.168911,0,1,0.45085,0.57,0.618034,0,0,1,0,0.5,0.61859,0,1,0,0.5,0.811258,0,0,0,1,0.680706,0,1,0.285585,0.57,0,0,0,0,0,0,1,0.275535,1,0.867258,1,0.185365,1,0.590537,0,1,0.431483,0.57,0,0,1,0.431483,0.57,0.618034,0,1,0.326238,0.53,0.890903,0,1,0.667551,0.57,0.236068,0,1,0.18034,0.56,0.141851,0,0,1,0.521653,0.57,0.618034,0,1,0.962453,0,0,1,0.304952,0.57,0.236068,0,0,0,0,1,0.193496,1,0.472136,1,0.854102,1,0.803399,1,0.09017,0.51,0.571751,0,1,0.431483,0.57,0.854102,0,1,0.326238,0.53,0.978119,0,1,0.826604,0,1,0.826604,0,1,0.562306,0.55,0.494061,0,1,0.680706,0,0,0,0,1,0.922986,0.57,0.326238,0,0,0]},"20220414071918844_jlm_melos":{"species":"piano","specimenType":"lmidipitchF","localEligibleFunctions":{"includedFunctions":[0,1,2,3,4,5,6,7,8,9,10,11,12,15,16,17,18,19,20,25,26,28,29,35,36,37,41,42,43,44,46,48,58,63,65,66,67,68,76,77,84,98,99,100,101,104,109,110,111,131,134,135,199,200,201,202,266,277,278,279,280,281,282,284,286,288,290,291,294,296,298,299,302,304,306,307,310,311,312,313,314,315,316,317,318,319,320,321,322,323,324,326],"excludedFunctions":[]},"listsMaxNumItems":16,"seedForAlea":965994215689389,"germinalVector":[0.393062,0.009362,0.616373,0.37085,0.655774,0.114709,0.225468,0.122982,0.620358,0.626426,0.058168,0.630644,0.15831,0.688672,0.767472,0.718287,0.395562,0.735582,0.361201,0.235583,0.557847,0.684293,0.682167,0.965057,0.131829,0.197225,0.675148,0.243156,0.568604,0.952961,0.345053,0.744696,0.890946,0.645264,0.085228,0.707928,0.59011,0.004272,0.852416,0.971642,0.234913,0.44891,0.054674,0.784359,0.359249,0.387526,0.457169,0.665888,0.138639,0.166201,0.361507,0.87953,0.748429,0.313421,0.910559,0.920812,0.639601,0.882692,0.9607,0.775113,0.655367,0.060008,0.757147,0.047626,0.842579,0.566117,0.305002,0.573874,0.155766,0.252608,0.525857,0.049184,0.359277,0.188875,0.205536,0.709512,0.033541,0.871707,0.878048,0.771104,0.20901,0.822737,0.144155,0.819827,0.179526,0.201713,0.08712,0.594834,0.506629,0.709988,0.864571,0.36562,0.80526,0.676463,0.636618,0.643578,0.008798,0.79793,0.106975,0.288659,0.520305,0.409675,0.122263,0.228446,0.052827,0.572437,0.139912,0.764589,0.886201,0.484357,0.77336,0.43694,0.345984,0.020923,0.770012,0.158912,0.714193,0.32964,0.512425,0.695431,0.154446,0.786682,0.440421,0.297454,0.30561,0.961488,0.251413,0.474702,0.552405,0.207236,0.021425,0.990096,0.135281,0.667035,0.561362,0.73558,0.509629,0.796159,0.492785,0.011435,0.27119,0.260377,0.452884,0.728036,0.585721,0.176237,0.75085,0.422926,0.39855,0.566069,0.957211,0.6918,0.07624,0.064363,0.5109,0.396529,0.25125,0.619087,0.438938,0.691515,0.800017,0.725518,0.385533,0.995063,0.732263,0.949479,0.885526,0.494428,0.762596,0.147818,0.675621,0.314855,0.441578,0.645775,0.316084,0.214993,0.390661,0.096169,0.284308,0.421284,0.645287,0.605006,0.130794,0.234191,0.056947,0.304047,0.486642,0.770092,0.736474,0.239028,0.475396,0.428039,0.766365,0.658322,0.082892,0.860843,0.119868,0.785936,0.174838,0.477419,0.472,0.188709,0.777352,0.035628,0.3567,0.196422,0.916307,0.451367,0.967146,0.946816,0.880139,0.203114,0.913638,0.001462,0.177504,0.983754,0.85687,0.451105,0.686084,0.41266,0.892137,0.231674,0.879395,0.74367,0.104621,0.581083,0.327397,0.552533,0.846902,0.908187,0.045615,0.950979,0.562265,0.61249,0.691582,0.040238,0.442393,0.15291,0.987538,0.580282,0.848422,0.501683,0.189477,0.042449,0.70818,0.797688,0.506541,0.759746,0.367441,0.087288,0.194697,0.492482,0.579715,0.047969,0.050721,0.610426,0.93179,0.36866,0.918366,0.792157,0.499819,0.247137,0.382165,0.636464,0.251642,0.409938,0.95431,0.136867,0.714405,0.148198,0.105708,0.214676,0.541592,0.291398,0.583279,0.220559,0.974164,0.860635,0.047034,0.527361,0.715222,0.155362,0.506912,0.812309,0.1538,0.577678,0.147306,0.348814,0.016161,0.439026,0.820573,0.937418,0.559091,0.040301,0.951863,0.698907,0.987151,0.630214,0.303675,0.740722,0.123022,0.903027,0.449661,0.6356,0.831197,0.5038,0.948918,0.98937,0.996211,0.730524,0.908338,0.500083,0.97393,0.705059,0.811368,0.505549,0.444604,0.965246,0.35272,0.977477,0.436444,0.71656,0.223092,0.199822,0.484126,0.459675,0.920057,0.270133,0.139896,0.86946,0.115975,0.692811,0.241028,0.714852,0.30277,0.141437,0.052641,0.454511,0.630875,0.922351,0.705829,0.087535,0.099732,0.887217,0.226405,0.774624,0.269979,0.168055,0.645598,0.284188,0.645711,0.570909,0.384501,0.017047,0.289688,0.852307,0.701556,0.579964,0.339886,0.646627,0.949604,0.475436,0.218669,0.299876,0.776489,0.101677,0.063235,0.42981,0.500741,0.560745,0.98739,0.32622,0.29201,0.120181,0.122799,0.428238,0.009534,0.058964,0.278955,0.789724,0.252501,0.492371,0.220204,0.497726,0.959007,0.510008,0.000771,0.674143,0.095217,0.47343,0.431696,0.125423,0.701671,0.191452,0.743305,0.020496,0.828574,0.777011,0.47606,0.984097,0.261886,0.975623,0.097641,0.746689,0.842493,0.590317,0.235103,0.225079,0.83567,0.353764,0.872388,0.604343,0.377062,0.374607,0.968618,0.502624,0.357526,0.608624,0.340051,0.02091,0.907186,0.654493,0.453887,0.711231,0.769209,0.419331,0.622768,0.228177,0.057585,0.860132,0.974896,0.599664,0.293991,0.940994,0.447108,0.978399,0.678704,0.373982,0.421203,0.143078,0.803172,0.122851,0.147055,0.250966,0.10751,0.984308,0.002102,0.237807,0.786533,0.979323,0.419927,0.573854,0.402487,0.344603,0.186852,0.665923,0.712173,0.417388,0.648014,0.437879,0.035647,0.614335,0.627695,0.114302,0.567989,0.549076,0.676331,0.599477,0.390874,0.713712,0.89389,0.067862,0.45494,0.207218,0.107216,0.70032,0.852295,0.765179,0.041062,0.829236,0.186871,0.972784,0.535426,0.439737,0.035163,0.142813,0.768178,0.424799,0.457706,0.57538,0.98232,0.925424,0.983004,0.266629,0.270809,0.81281,0.249843,0.699329,0.189098,0.498953,0.28937,0.700431,0.62865,0.583695,0.088837,0.913148,0.87401,0.38583,0.478004,0.438351,0.048984,0.651496,0.114596,0.847777,0.744978,0.20781,0.23984,0.046524,0.462554,0.725832,0.352684,0.601134,0.170612,0.196376,0.892112,0.152868,0.479812,0.04448,0.022821,0.866197,0.58176,0.236043,0.391497,0.464085,0.684213,0.956768,0.596795,0.31253,0.763914,0.107926,0.240255,0.896415,0.273131,0.710016,0.678759,0.35457,0.281126,0.508683,0.788729,0.745395,0.277047,0.901014,0.621038,0.036651,0.868293,0.140806,0.919246,0.957294,0.668715,0.195888,0.323801,0.112236,0.573537,0.072445,0.173009,0.907852,0.476291,0.249851,0.14021,0.856605,0.489013,0.324561,0.771138,0.412852,0.322287,0.682483,0.891575,0.783098,0.585457,0.682755,0.204085,0.895055,0.695258,0.657364,0.614132,0.566165,0.135999,0.097636,0.536502,0.092205,0.263061,0.310429,0.96456,0.214858,0.483915,0.723926,0.933099,0.723892,0.162689,0.265993,0.949038,0.335189,0.786993,0.16781,0.64293,0.335171,0.922078,0.81145,0.210439,0.686221,0.23221,0.61945,0.804409,0.734865,0.173302,0.147279,0.185995,0.468057,0.725071,0.776009,0.479832,0.38157,0.61469,0.539842,0.512855,0.535027,0.404554,0.543659,0.01156,0.837696,0.526299,0.65673,0.914457,0.340525,0.353584,0.886555,