{"metadata":{"versionGenoMus":"0.7.03","creationTimecode":20190527021816,"iterations":0,"millisecondsEllapsed":1,"genotypeLength":492},"genotypeSeed":12194207507367,"phenotypeSeed":323111809,"encodedGenotype":[0.653194,0.226729,0.52386,0.876829,0,0.060834,0.091623,0.58715,0,0.7805,0.49424,0,0.843298,0.961399,0,0.744659,0.913146,0.313947,0.233945,0.07909,0.098033,0.316634,0.888562,0,0.540738,0.054515,0.242975,0,0.504402,0.635134,0,0.117194,0.761629,0,0.792903,0.7204,0,0.675447,0.428945,0,0.533916,0.912114,0.078372,0.049297,0.088479,0.875257,0,0.551331,0.139283,0.597567,0,0.076342,0.227406,0,0.61668,0.367839,0,0.469209,0.136993,0.444981,0,0.692908,0.201394,0,0.16612,0.21396,0.299977,0.159624,0.194474,0.999381,0,0.673551,0.539771,0,0.301658,0.755927,0,0.886954,0.012474,0.435062,0.918442,0,0.798084,0.732124,0,0.831248,0.927481,0,0.532872,0.633028,0,0.060772],"decodedGenotype":"sFourVoices(vChordsWrapper(cMonorhythmicalMotif(p(0.060834),aRandomArray(pRand()),pRand(),p(0.744659))),vDiatonize(vMutate(vChordsWrapper(cRepeatBlock(cRepeatBlock(cRandomThreePitchesChord(p(0.540738)),pRandRange(pGaussRand(),pAutoRef(1))),pAutoRef(2))),pAutoRef(4),pRand()),mRandomPCSet(pRandRange(pRandRange(pRandRange(p(0.551331),pRandRange(pRand(),pGaussRand())),pGaussRand()),pRandRange(pRand(),pGaussRand())))),vChordsWrapper(cRandomThreePitchesChord(pRandRange(pRandRange(p(0.673551),pRand()),pAutoRef(2)))),vChordsWrapper(cRandomOctavesChord(p(0.798084),pAutoRef(12),p(0.532872),pAutoRef(6))))","expandedGenotype":"sFourVoices(\n    vChordsWrapper(\n        cMonorhythmicalMotif(\n            p(0.060834),\n            aRandomArray(\n                pRand()),\n            pRand(),\n            p(0.744659))),\n    vDiatonize(\n        vMutate(\n            vChordsWrapper(\n                cRepeatBlock(\n                    cRepeatBlock(\n                        cRandomThreePitchesChord(\n                            p(0.540738)),\n                        pRandRange(\n                            pGaussRand(),\n                            pAutoRef(1))),\n                    pAutoRef(2))),\n            pAutoRef(4),\n            pRand()),\n        mRandomPCSet(\n            pRandRange(\n                pRandRange(\n                    pRandRange(\n                        p(0.551331),\n                        pRandRange(\n                            pRand(),\n                            pGaussRand())),\n                    pGaussRand()),\n                pRandRange(\n                    pRand(),\n                    pGaussRand())))),\n    vChordsWrapper(\n        cRandomThreePitchesChord(\n            pRandRange(\n                pRandRange(\n                    p(0.673551),\n                    pRand()),\n                pAutoRef(2)))),\n    vChordsWrapper(\n        cRandomOctavesChord(\n            p(0.798084),\n            pAutoRef(12),\n            p(0.532872),\n            pAutoRef(6))))","leaves":[0.060834,0.744659,0.540738,0.551331,0.673551,0.798084,0.673551,0.532872],"encodedLeaves":[[5,0.060834],[15,0.744659],[24,0.540738],[47,0.551331],[71,0.673551],[82,0.798084],[88,0.532872]],"subexpressions":{"scoreF":["sFourVoices(vChordsWrapper(cMonorhythmicalMotif(p(0.060834),aRandomArray(pRand()),pRand(),p(0.744659))),vDiatonize(vMutate(vChordsWrapper(cRepeatBlock(cRepeatBlock(cRandomThreePitchesChord(p(0.540738)),pRandRange(pGaussRand(),pAutoRef(1))),pAutoRef(2))),pAutoRef(4),pRand()),mRandomPCSet(pRandRange(pRandRange(pRandRange(p(0.551331),pRandRange(pRand(),pGaussRand())),pGaussRand()),pRandRange(pRand(),pGaussRand())))),vChordsWrapper(cRandomThreePitchesChord(pRandRange(pRandRange(p(0.673551),pRand()),pAutoRef(2)))),vChordsWrapper(cRandomOctavesChord(p(0.798084),pAutoRef(12),p(0.532872),pAutoRef(6))))"],"voiceF":["vChordsWrapper(cMonorhythmicalMotif(p(0.060834),aRandomArray(pRand()),pRand(),p(0.744659)))","vChordsWrapper(cRepeatBlock(cRepeatBlock(cRandomThreePitchesChord(p(0.540738)),pRandRange(pGaussRand(),pAutoRef(1))),pAutoRef(2)))","vMutate(vChordsWrapper(cRepeatBlock(cRepeatBlock(cRandomThreePitchesChord(p(0.540738)),pRandRange(pGaussRand(),pAutoRef(1))),pAutoRef(2))),pAutoRef(4),pRand())","vDiatonize(vMutate(vChordsWrapper(cRepeatBlock(cRepeatBlock(cRandomThreePitchesChord(p(0.540738)),pRandRange(pGaussRand(),pAutoRef(1))),pAutoRef(2))),pAutoRef(4),pRand()),mRandomPCSet(pRandRange(pRandRange(pRandRange(p(0.551331),pRandRange(pRand(),pGaussRand())),pGaussRand()),pRandRange(pRand(),pGaussRand()))))","vChordsWrapper(cRandomThreePitchesChord(pRandRange(pRandRange(p(0.673551),pRand()),pAutoRef(2))))","vChordsWrapper(cRandomOctavesChord(p(0.798084),pAutoRef(12),p(0.532872),pAutoRef(6)))"],"chordF":["cMonorhythmicalMotif(p(0.060834),aRandomArray(pRand()),pRand(),p(0.744659))","cRandomThreePitchesChord(p(0.540738))","cRepeatBlock(cRandomThreePitchesChord(p(0.540738)),pRandRange(pGaussRand(),pAutoRef(1)))","cRepeatBlock(cRepeatBlock(cRandomThreePitchesChord(p(0.540738)),pRandRange(pGaussRand(),pAutoRef(1))),pAutoRef(2))","cRandomThreePitchesChord(pRandRange(pRandRange(p(0.673551),pRand()),pAutoRef(2)))","cRandomOctavesChord(p(0.798084),pAutoRef(12),p(0.532872),pAutoRef(6))"],"modeF":["mRandomPCSet(pRandRange(pRandRange(pRandRange(p(0.551331),pRandRange(pRand(),pGaussRand())),pGaussRand()),pRandRange(pRand(),pGaussRand())))"],"arrayF":["aRandomArray(pRand())"],"paramF":["pRand()","pGaussRand()","pAutoRef(1)","pRandRange(pGaussRand(),pAutoRef(1))","pAutoRef(2)","pAutoRef(4)","pRandRange(pRand(),pGaussRand())","pRandRange(p(0.551331),pRandRange(pRand(),pGaussRand()))","pRandRange(pRandRange(p(0.551331),pRandRange(pRand(),pGaussRand())),pGaussRand())","pRandRange(pRandRange(pRandRange(p(0.551331),pRandRange(pRand(),pGaussRand())),pGaussRand()),pRandRange(pRand(),pGaussRand()))","pRandRange(p(0.673551),pRand())","pRandRange(pRandRange(p(0.673551),pRand()),pAutoRef(2))","pAutoRef(12)","pAutoRef(6)"]},