{"initialConditions":{"species":"piano","specimenType":"lmidipitchF","localEligibleFunctions":[0,1,2,3,4,5,6,7,8,9,10,11,12,15,16,17,18,19,20,25,26,28,29,35,36,37,41,42,43,44,46,48,58,63,65,66,67,68,76,77,84,98,99,100,101,104,109,110,111,131,134,135,199,200,201,202,266,277,278,279,280,281,282,284,286,288,290,291,294,296,298,299,302,304,306,307,310,311,312,313,314,315,316,317,318,319,320,321,322,323,324,326],"maxListCardinality":16,"phenotypeSeed":812866657499743,"germinalVector":[0.80085,0.497721,0.817061,0.733294,0.06959,0.839257,0.407207,0.899776,0.692587,0.875072,0.640879,0.914971,0.385555,0.335592,0.173048,0.160705,0.722064,0.305464,0.724919,0.762215,0.299583,0.694388,0.563393,0.6239,0.104516,0.912844,0.776125,0.289896,0.295019,0.500885,0.220047,0.309161,0.148208,0.543655,0.207528,0.518004,0.300966,0.904786,0.893022,0.24015,0.353752,0.208009,0.571849,0.445931,0.913642,0.777181,0.813118,0.087416,0.803084,0.486736,0.677754,0.651834,0.3855,0.170897,0.846869,0.830664,0.176713,0.028005,0.779096,0.37468,0.572593,0.403274,0.530247,0.068927,0.876153,0.049425,0.577384,0.530052,0.948191,0.0656,0.596654,0.696278,0.537427,0.804427,0.884035,0.852125,0.769602,0.325159,0.181043,0.125821,0.971826,0.268722,0.374481,0.403867,0.196052,0.991389,0.033709,0.474847,0.048329,0.472748,0.232425,0.147737,0.336517,0.109793,0.044252,0.804218,0.283908,0.78682,0.225005,0.099203,0.231361,0.995862,0.362016,0.007738,0.157261,0.908793,0.19782,0.38166,0.212465,0.100796,0.2093,0.569121,0.626607,0.290577,0.409824,0.50874,0.526065,0.224106,0.454086,0.792415,0.550158,0.836657,0.496177,0.549827,0.121954,0.90247,0.64586,0.99158,0.946018,0.341479,0.977899,0.326968,0.303405,0.954713,0.92838,0.206143,0.422017,0.363852,0.548716,0.130462,0.627024,0.816425,0.228552,0.266114,0.548462,0.929071,0.858227,0.789262,0.357726,0.609841,0.498789,0.553251,0.121206,0.074024,0.585263,0.508721,0.178127,0.476166,0.314427,0.537933,0.275077,0.006382,0.080592,0.269907,0.631764,0.961006,0.183125,0.133649,0.181042,0.883752,0.056808,0.119288,0.033358]},"metadata":{"specimenID":"20220414114326563_jlm","GenoMusVersion":"0.9.02","iterations":1,"milliseconsElapsed":1,"depth":1,"decGenotypeLength":51,"encGenotypeLength":35,"germinalVectorLength":173,"germinalVectorDeviation":21.30970624233784},"encodedGenotype":[1,0.506578,0.53,0.731059,0.53,0.845535,0.53,0.90025,0.53,0.869892,0.53,0.916827,0.53,0.331812,0.53,0.154465,0.53,0.310026,0.53,0.768525,0.53,0.689975,0.53,0.62246,0.53,0.908877,0.53,0.289051,0.53,0.5,0.53,0.310026,0.53,0.549834,0],"decodedGenotype":"lm(72,79,84,81,86,55,45,54,74,70,67,85,53,62,54,64)","formattedGenotype":"lm(\n   72,\n   79,\n   84,\n   81,\n   86,\n   55,\n   45,\n   54,\n   74,\n   70,\n   67,\n   85,\n   53,\n   62,\n   54,\n   64)","encodedPhenotype":[0.731059,0.845535,0.90025,0.869892,0.916827,0.331812,0.154465,0.310026,0.768525,0.689975,0.62246,0.908877,0.289051,0.5,0.310026,0.549834],"subexpressions":{"scoreF":[],"voiceF":[],"eventF":[],"paramF":[],"listF":[],"notevalueF":["n(0.3)"],"lnotevalueF":[],"durationF":[],"ldurationF":[],"midipitchF":["m(69)"],"lmidipitchF":["lm(72,79,84,81,86,55,45,54,74,70,67,85,53,62,54,64)"],"frequencyF":[],"lfrequencyF":[],"articulationF":["a(75)"],"larticulationF":[],"intensityF":["i(70)"],"lintensityF":[],"goldenintegerF":[],"lgoldenintegerF":[],"quantizedF":[],"lquantizedF":[],"operationF":[]},"leaves":[[3,0.731059,72],[5,0.845535,79],[7,0.90025,84],[9,0.869892,81],[11,0.916827,86],[13,0.331812,55],[15,0.154465,45],[17,0.310026,54],[19,0.768525,74],[21,0.689975,70],[23,0.62246,67],[25,0.908877,85],[27,0.289051,53],[29,0.5,62],[31,0.310026,54],[33,0.549834,64]],"roll":["(","(",0,"(",7200,899.9970000000002,97,")",")","(",1199.996,"(",7900,899.9970000000002,97,")",")","(",2399.992,"(",8400,899.9970000000002,97,")",")","(",3599.9880000000003,"(",8100,899.9970000000002,97,")",")","(",4799.984,"(",8600,899.9970000000002,97,")",")","(",5999.9800000000005,"(",5500,899.9970000000002,97,")",")","(",7199.976000000001,"(",4500,899.9970000000002,97,")",")","(",8399.972000000002,"(",5400,899.9970000000002,97,")",")","(",9599.968,"(",7400,899.9970000000002,97,")",")","(",10799.964,"(",7000,899.9970000000002,97,")",")","(",11999.96,"(",6700,899.9970000000002,97,")",")","(",13199.955999999998,"(",8500,899.9970000000002,97,")",")","(",14399.951999999997,"(",5300,899.9970000000002,97,")",")","(",15599.947999999997,"(",6200,899.9970000000002,97,")",")","(",16799.943999999996,"(",5400,899.9970000000002,97,")",")","(",17999.939999999995,"(",6400,899.9970000000002,97,")",")",")"]}