{"initialConditions":{"species":"piano","specimenType":"scoreF","localEligibleFunctions":[0,1,2,3,4,5,6,7,8,9,10,11,12,15,16,17,18,19,20,25,26,28,29,35,36,37,41,42,43,44,46,48,58,63,65,66,67,68,76,77,84,98,99,100,101,104,109,110,111,131,134,135,199,200,201,202,266,277,278,279,280,281,282,284,286,288,290,291,294,296,298,299,302,304,306,307,310,311,312,313,314,315,316,317,318,319,320,321,322,323,324,326],"maxListCardinality":16,"phenotypeSeed":778549969353054,"germinalVector":[1,0.193496,1,0.472136,1,0.854102,1,0.236068,1,0.09017,0.51,0,0,1,0.326238,0.53,0.130109,0,1,0.062672,0,1,0.18034,0.56,0,0,0,0,0,1,0.275535,1,0.429563,1,0.803399,1,0.590537,0,1,0.326238,0.53,0.268942,0,1,0.826604,0,1,0.326238,0.53,0.062973,0,1,0.431483,0.57,0.236068,0,1,0.562306,0.55,0.115438,0,1,0.680706,0,0,1,0.916774,0,0,1,0.534808,1,0.936141,1,0.606798,1,0.27051,0.51,0,0,1,0.506578,0.53,0.109097,0.53,0.924142,0.53,0.785835,0.53,0.154465,0.53,0.817575,0.53,0.802184,0.53,0.354344,0.53,0.401313,0.53,0.574443,0.53,0.75026,0.53,0.574443,0.53,0.475021,0.53,0.401313,0.53,0.645657,0.53,0.598688,0.53,0.289051,0,1,0.742646,0.55,0.386225,0.55,0.483821,0.55,0.588433,0.55,0.247403,0.55,0.462948,0.55,0.588433,0.55,0.838994,0.55,0.419736,0,1,0.36068,0.56,0.731059,0,0,1,0.304952,0.57,0.618034,0,1,0.224832,1,0.590537,0,1,0.882333,1,0.506578,0.53,0.182426,0.53,0.524979,0.53,0.083173,0.53,0.731059,0.53,0.768525,0.53,0.845535,0.53,0.942676,0.53,0.331812,0.53,0.401313,0.53,0.013387,0.53,0.71095,0.53,0.450166,0.53,0.289051,0.53,0.524979,0.53,0.182426,0,1,0.326238,0.53,0.401313,0,1,0.431483,0.57,0.09017,0,0,1,0.742646,0.55,0.922361,0.55,0.681558,0.55,0.561704,0.55,0.514117,0.55,0.674621,0.55,0.386225,0.55,0.452321,0.55,0.397487,0.55,0.854757,0.55,0.270634,0.55,0.748813,0.55,0.483821,0.55,0.514117,0.55,0.748813,0.55,0.146613,0.55,0.146613,0,1,0.36068,0.56,0.598688,0.56,0.075858,0.56,0.401313,0.56,0.574443,0.56,0.802184,0.56,0.869892,0.56,0.331812,0.56,0.119203,0.56,0.475021,0,0,0,1,0.916774,0,0,0,0]},"metadata":{"specimenID":"20220414113002617_jlm","GenoMusVersion":"0.9.02","iterations":0,"milliseconsElapsed":4,"depth":7,"voices":2,"events":47,"decGenotypeLength":450,"encGenotypeLength":260,"germinalVectorLength":260,"germinalVectorDeviation":0},"encodedGenotype":[1,0.193496,1,0.472136,1,0.854102,1,0.236068,1,0.09017,0.51,0,0,1,0.326238,0.53,0.130109,0,1,0.062672,0,1,0.18034,0.56,0,0,0,0,0,1,0.275535,1,0.429563,1,0.803399,1,0.590537,0,1,0.326238,0.53,0.268942,0,1,0.826604,0,1,0.326238,0.53,0.062973,0,1,0.431483,0.57,0.236068,0,1,0.562306,0.55,0.115438,0,1,0.680706,0,0,1,0.916774,0,0,1,0.534808,1,0.936141,1,0.606798,1,0.27051,0.51,0,0,1,0.506578,0.53,0.109097,0.53,0.924142,0.53,0.785835,0.53,0.154465,0.53,0.817575,0.53,0.802184,0.53,0.354344,0.53,0.401313,0.53,0.574443,0.53,0.75026,0.53,0.574443,0.53,0.475021,0.53,0.401313,0.53,0.645657,0.53,0.598688,0.53,0.289051,0,1,0.742646,0.55,0.386225,0.55,0.483821,0.55,0.588433,0.55,0.247403,0.55,0.462948,0.55,0.588433,0.55,0.838994,0.55,0.419736,0,1,0.36068,0.56,0.731059,0,0,1,0.304952,0.57,0.618034,0,1,0.224832,1,0.590537,0,1,0.882333,1,0.506578,0.53,0.182426,0.53,0.524979,0.53,0.083173,0.53,0.731059,0.53,0.768525,0.53,0.845535,0.53,0.942676,0.53,0.331812,0.53,0.401313,0.53,0.013387,0.53,0.71095,0.53,0.450166,0.53,0.289051,0.53,0.524979,0.53,0.182426,0,1,0.326238,0.53,0.401313,0,1,0.431483,0.57,0.09017,0,0,1,0.742646,0.55,0.922361,0.55,0.681558,0.55,0.561704,0.55,0.514117,0.55,0.674621,0.55,0.386225,0.55,0.452321,0.55,0.397487,0.55,0.854757,0.55,0.270634,0.55,0.748813,0.55,0.483821,0.55,0.514117,0.55,0.748813,0.55,0.146613,0.55,0.146613,0,1,0.36068,0.56,0.598688,0.56,0.075858,0.56,0.401313,0.56,0.574443,0.56,0.802184,0.56,0.869892,0.56,0.331812,0.56,0.119203,0.56,0.475021,0,0,0,1,0.916774,0,0,0,0],"decodedGenotype":"sConcatS(s(v(e(n(0),m(43),aRnd(),i(0)))),s2V(vRepeatE(e4Pitches(nRnd(),m(52),mRnd(),m(35),mAutoref(2),a(11),iRnd()),q(2)),vSlice(vABCABv(vMotifLoop(ln(0),lm(41,87,75,45,77,76,56,58,65,73,65,61,58,68,66,53),la(35,44,55,23,42,55,99,38),li(60)),vAutoref(1),vPerpetuumMobile(nRnd(),lmRemap(lm(47,63,38,72,74,79,90,55,58,19,71,60,53,63,47),m(58),mAutoref(5)),la(136,67,52,47,66,35,41,36,104,25,78,44,47,78,14,14),li(54,25,46,53,64,69,43,30,49))),qRnd())))","formattedGenotype":"sConcatS(\n   s(\n      v(\n         e(\n            n(0),\n            m(43),\n            aRnd(),\n            i(0)))),\n   s2V(\n      vRepeatE(\n         e4Pitches(\n            nRnd(),\n            m(52),\n            mRnd(),\n            m(35),\n            mAutoref(2),\n            a(11),\n            iRnd()),\n         q(2)),\n      vSlice(\n         vABCABv(\n            vMotifLoop(\n               ln(\n                  0),\n               lm(\n                  41,\n                  87,\n                  75,\n                  45,\n                  77,\n                  76,\n                  56,\n                  58,\n                  65,\n                  73,\n                  65,\n                  61,\n                  58,\n                  68,\n                  66,\n                  53),\n               la(\n                  35,\n                  44,\n                  55,\n                  23,\n                  42,\n                  55,\n                  99,\n                  38),\n               li(\n                  60)),\n            vAutoref(1),\n            vPerpetuumMobile(\n               nRnd(),\n               lmRemap(\n                  lm(\n                     47,\n                     63,\n                     38,\n                     72,\n                     74,\n                     79,\n                     90,\n                     55,\n                     58,\n                     19,\n                     71,\n                     60,\n                     53,\n                     63,\n                     47),\n                  m(58),\n                  mAutoref(5)),\n               la(\n                  136,\n                  67,\n                  52,\n                  47,\n                  66,\n                  35,\n                  41,\n                  36,\n                  104,\n                  25,\n                  78,\n                  44,\n                  47,\n                  78,\n                  14,\n                  14),\n               li(\n                  54,\n                  25,\n                  46,\n                  53,\n                  64,\n                  69,\n                  43,\n                  30,\n                  49))),\n         qRnd())))",