{"initialConditions":{"species":"piano","specimenType":"scoreF","localEligibleFunctions":[0,1,2,3,4,5,6,7,8,9,10,11,12,15,16,17,18,19,20,25,26,28,29,35,36,37,41,42,43,44,46,48,58,63,65,66,67,68,76,77,84,98,99,100,101,104,109,110,111,131,134,135,199,200,201,202,266,277,278,279,280,281,282,284,286,288,290,291,294,296,298,299,302,304,306,307,310,311,312,313,314,315,316,317,318,319,320,321,322,323,324,326],"maxListCardinality":16,"phenotypeSeed":937480422655975,"germinalVector":[0.838315,0.188933,0.399406,0.040901,0.485786,0.850456,0.678365,0.251602,0.723221,0.388636,0.723582,0.372081,0.94904,0.950367,0.439703,0.21696,0.246411,0.528685,0.79847,0.210527,0.656446,0.51084,0.371253,0.483738,0.282136,0.616336,0.298526,0.358522,0.659022,0.129974,0.647972,0.427785,0.874337,0.967187,0.104751]},"metadata":{"specimenID":"20220414114846460_jlm_2voi","GenoMusVersion":"0.9.02","iterations":1,"milliseconsElapsed":18,"depth":5,"voices":2,"events":20,"decGenotypeLength":287,"encGenotypeLength":140,"germinalVectorLength":35,"germinalVectorDeviation":239.048729529628},"encodedGenotype":[1,0.193496,1,0.193496,1,0.472136,1,0.854102,1,0.236068,1,0.09017,0.51,0,0,1,0.326238,0.53,0.130109,0,1,0.062672,0,1,0.18034,0.56,0,0,0,0,0,1,0.922986,0.57,0,0,0,1,0.275535,1,0.842866,1,0.590537,0,1,0.506578,0.53,0.62246,0.53,0.354344,0.53,0.130109,0.53,0.425558,0.53,0.967705,0.53,0.832019,0.53,0.401313,0,1,0.742646,0.55,0.247403,0.55,0.386225,0.55,0.374882,0.55,0.950433,0.55,0.212934,0.55,0.523932,0.55,0.212934,0.55,0.514117,0.55,0.483821,0.55,0.613773,0.55,0.363464,0.55,0.125652,0.55,0.430709,0.55,0.967307,0.55,0.838994,0.55,0.397487,0,1,0.36068,0.56,0.731059,0,0,1,0.429563,1,0.803399,1,0.195415,0.57,0.618034,0,1,0.826604,0,1,0.431483,0.57,0.618034,0,1,0.826604,0,1,0.431483,0.57,0,0,1,0.062672,0,1,0.680706,0,0,1,0.916774,0,0,0,0],"decodedGenotype":"sConcatS(sConcatS(s(v(e(n(0),m(43),aRnd(),i(0)))),sAutoref(0)),s2V(vPerpetuumMobileLoop(nRnd(),lm(67,56,43,59,96,78,58),la(23,35,34,161,20,48,20,47,44,58,33,12,39,186,99,36),li(60)),vRepeatE(e4Pitches(nAutoref(1),mRnd(),mAutoref(1),mRnd(),mAutoref(0),aRnd(),iRnd()),q(2))))","formattedGenotype":"sConcatS(\n   sConcatS(\n      s(\n         v(\n            e(\n               n(0),\n               m(43),\n               aRnd(),\n               i(0)))),\n      sAutoref(0)),\n   s2V(\n      vPerpetuumMobileLoop(\n         nRnd(),\n         lm(\n            67,\n            56,\n            43,\n            59,\n            96,\n            78,\n            58),\n         la(\n            23,\n            35,\n            34,\n            161,\n            20,\n            48,\n            20,\n            47,\n            44,\n            58,\n            33,\n            12,\n            39,\n            186,\n            99,\n            36),\n         li(\n            60)),\n      vRepeatE(\n         e4Pitches(\n            nAutoref(1),\n            mRnd(),\n            mAutoref(1),\n            mRnd(),\n            mAutoref(0),\n            aRnd(),\n            iRnd()),\n         q(2))))","encodedPhenotype":[0.236068,0.124612,0,0.618034,0.130109,0.207756,0,0,0.618034,0.130109,0.471252,0,0.516436,0.618034,0.62246,0.247403,0.731059,0.516436,0.618034,0.354344,0.386225,0.731059,0.516436,0.618034,0.130109,0.374882,0.731059,0.516436,0.618034,0.425558,0.950433,0.731059,0.516436,0.618034,0.967705,0.212934,0.731059,0.516436,0.618034,0.832019,0.523932,0.731059,0.516436,0.618034,0.401313,0.212934,0.731059,0.516436,0.618034,0.62246,0.514117,0.731059,0.516436,0.618034,0.354344,0.483821,0.731059,0.516436,0.618034,0.130109,0.613773,0.731059,0.516436,0.618034,0.425558,0.363464,0.731059,0.516436,0.618034,0.967705,0.125652,0.731059,0.516436,0.618034,0.832019,0.430709,0.731059,0.516436,0.618034,0.401313,0.967307,0.731059,0.516436,0.618034,0.62246,0.838994,0.731059,0.516436,0.618034,0.354344,0.397487,0.731059,0.854102,0,0.618034,0.31,0,0,0.829565,0.472136,0.728883,0.571472,0.430817,0.130109,0.443037,0.580031,0.829565,0.472136,0.728883,0.571472,0.430817,0.130109,0.443037,0.580031],"subexpressions":{"scoreF":["s(v(e(n(0),m(43),aRnd(),i(0))))","sAutoref(0)","sConcatS(s(v(e(n(0),m(43),aRnd(),i(0)))),sAutoref(0))","s2V(vPerpetuumMobileLoop(nRnd(),lm(67,56,43,59,96,78,58),la(23,35,34,161,20,48,20,47,44,58,33,12,39,186,99,36),li(60)),vRepeatE(e4Pitches(nAutoref(1),mRnd(),mAutoref(1),mRnd(),mAutoref(0),aRnd(),iRnd()),q(2)))","sConcatS(sConcatS(s(v(e(n(0),m(43),aRnd(),i(0)))),sAutoref(0)),s2V(vPerpetuumMobileLoop(nRnd(),lm(67,56,43,59,96,78,58),la(23,35,34,161,20,48,20,47,44,58,33,12,39,186,99,36),li(60)),vRepeatE(e4Pitches(nAutoref(1),mRnd(),mAutoref(1),mRnd(),mAutoref(0),aRnd(),iRnd()),q(2))))"],"voiceF":["v(e(n(0),m(43),aRnd(),i(0)))","vPerpetuumMobileLoop(nRnd(),lm(67,56,43,59,96,78,58),la(23,35,34,161,20,48,20,47,44,58,33,12,39,186,99,36),li(60))","vRepeatE(e4Pitches(nAutoref(1),mRnd(),mAutoref(1),mRnd(),mAutoref(0),aRnd(),iRnd()),q(2))"],"eventF":["e(n(0),m(43),aRnd(),i(0))","e4Pitches(nAutoref(1),mRnd(),mAutoref(1),mRnd(),mAutoref(0),aRnd(),iRnd())"],"paramF":[],"listF":[],"notevalueF":["n(0)","nRnd()","nAutoref(1)","n(0.3)"],"lnotevalueF":[],"durationF":[],"ldurationF":[],"midipitchF":["m(43)","mRnd()","mAutoref(1)","mAutoref(0)","m(69)"],"lmidipitchF":["lm(67,56,43,59,96,78,58)"],"frequencyF":[],"lfrequencyF":[],"articulationF":["aRnd()","a(75)"],"larticulationF":["la(23,35,34,161,20,48,20,47,44,58,33,12,39,186,99,36)"],"intensityF":["i(0)","iRnd()","i(70)"],"lintensityF":["li(60)"],"goldenintegerF":[],"lgoldenintegerF":[],"quantizedF":["qRnd()"],"lquantizedF":[],"operationF":[]},"leaves":[[13,0,0],[18,0.130109,43],[26,0,0],[47,0.62246,67],[49,0.354344,56],[51,0.130109,43],[53,0.425558,59],[55,0.967705,96],[57,0.832019,78],[59,0.401313,58],[64,0.247403,23],[66,0.386225,35],[68,0.374882,34],[70,0.950433,161],[72,0.212934,20],[74,0.523932,48],[76,0.212934,20],[78,0.514117,47],[80,0.483821,44],[82,0.613773,58],[84,0.363464,33],[86,0.125652,12],[88,0.430709,39],[90,0.967307,186],[92,0.838994,99],[94,0.397487,36],[99,0.731059,60]],"roll":["(","(",0,")","(",0,")","(",0,"(",6700,120.3636,87,")",")","(",523.32,"(",5600,183.162,87,")",")","(",1046.64,"(",4300,177.92880000000002,87,")",")","(",1569.96,"(",5900,842.5452,87,")",")","(",2093.28,"(",9600,104.66400000000002,87,")",")","(",2616.6000000000004,"(",7800,251.1936,87,")",")","(",3139.9200000000005,"(",5800,104.66400000000002,87,")",")","(",3663.2400000000007,"(",6700,245.96040000000002,87,")",")","(",4186.56,"(",5600,230.26080000000002,87,")",")","(",4709.88,"(",4300,303.5256,87,")",")","(",5233.2,"(",5900,172.6956,87,")",")","(",5756.5199999999995,"(",9600,62.7984,87,")",")","(",6279.839999999999,"(",7800,204.09480000000005,87,")",")","(",6803.159999999999,"(",5800,973.3752000000001,87,")",")","(",7326.479999999999,"(",6700,518.0868,87,")",")","(",7849.799999999998,"(",5600,188.39520000000002,87,")",")",")","(","(",0,")","(",0,"(",7200,598.9968,80,")","(",6500,598.9968,80,")","(",5900,598.9968,80,")","(",4300,598.9968,80,")",")","(",1497.492,"(",7200,598.9968,80,")","(",6500,598.9968,80,")","(",5900,598.9968,80,")","(",4300,598.9968,80,")",")",")"]}