{"initialConditions":{"species":"piano","specimenType":"harmonyF","localEligibleFunctions":[],"maxListCardinality":16,"phenotypeSeed":61562729369709,"germinalVector":[1,0.652476,1,0.506578,0.53,0,0.53,0.007237,0.53,0.007825,0.53,0.008461,0.53,0.009148,0.53,0.00989,0.53,0.010691,0.53,0.011557,0.53,0.012492,0.53,0.013502,0.53,0.014592,0.53,0.015768,0,1,0.506578,0.53,0,0.53,0.007237,0.53,0.007825,0.53,0.008461,0.53,0.009148,0.53,0.00989,0.53,0.010691,0.53,0.011557,0.53,0.012492,0.53,0.013502,0.53,0.014592,0.53,0.015768,0,1,0.506578,0.53,0,0.53,0.007825,0.53,0.009148,0.53,0.011557,0.53,0.013502,0,1,0.506578,0.53,0,0.53,0.009148,0.53,0.011557,0,1,0.326238,0.53,0.431536,0,1,0.416408,0.58,0.5,0,0]},"metadata":{"specimenID":"20220424034852960_jlm_harmonic_grid_basic","GenoMusVersion":"0.9.02","iterations":0,"milliseconsElapsed":0,"depth":2,"decGenotypeLength":97,"encGenotypeLength":89,"germinalVectorLength":89,"germinalVectorDeviation":0},"encodedGenotype":[1,0.652476,1,0.506578,0.53,0,0.53,0.007237,0.53,0.007825,0.53,0.008461,0.53,0.009148,0.53,0.00989,0.53,0.010691,0.53,0.011557,0.53,0.012492,0.53,0.013502,0.53,0.014592,0.53,0.015768,0,1,0.506578,0.53,0,0.53,0.007237,0.53,0.007825,0.53,0.008461,0.53,0.009148,0.53,0.00989,0.53,0.010691,0.53,0.011557,0.53,0.012492,0.53,0.013502,0.53,0.014592,0.53,0.015768,0,1,0.506578,0.53,0,0.53,0.007825,0.53,0.009148,0.53,0.011557,0.53,0.013502,0,1,0.506578,0.53,0,0.53,0.009148,0.53,0.011557,0,1,0.326238,0.53,0.431536,0,1,0.416408,0.58,0.5,0,0],"decodedGenotype":"h(lm(0,1,2,3,4,5,6,7,8,9,10,11),lm(0,1,2,3,4,5,6,7,8,9,10,11),lm(0,2,4,7,9),lm(0,4,7),m(60),q(0))","formattedGenotype":"h(\n   lm(\n      0,\n      1,\n      2,\n      3,\n      4,\n      5,\n      6,\n      7,\n      8,\n      9,\n      10,\n      11),\n   lm(\n      0,\n      1,\n      2,\n      3,\n      4,\n      5,\n      6,\n      7,\n      8,\n      9,\n      10,\n      11),\n   lm(\n      0,\n      2,\n      4,\n      7,\n      9),\n   lm(\n      0,\n      4,\n      7),\n   m(60),\n   q(0))","encodedPhenotype":[0.431536,0.509841,0.568465],"subexpressions":{"scoreF":[],"voiceF":[],"eventF":[],"paramF":[],"listF":[],"notevalueF":["n(0.3)","n(0.1)"],"lnotevalueF":[],"durationF":[],"ldurationF":[],"midipitchF":["m(60)","m(69)"],"lmidipitchF":["lm(0,1,2,3,4,5,6,7,8,9,10,11)","lm(0,2,4,7,9)","lm(0,4,7)"],"frequencyF":[],"lfrequencyF":[],"articulationF":["a(75)","a(300)"],"larticulationF":[],"intensityF":["i(70)"],"lintensityF":[],"goldenintegerF":[],"lgoldenintegerF":[],"quantizedF":["q(0)"],"lquantizedF":[],"harmonyF":["h(lm(0,1,2,3,4,5,6,7,8,9,10,11),lm(0,1,2,3,4,5,6,7,8,9,10,11),lm(0,2,4,7,9),lm(0,4,7),m(60),q(0))"],"operationF":[]},"leaves":[[5,0,0],[7,0.007237,1],[9,0.007825,2],[11,0.008461,3],[13,0.009148,4],[15,0.00989,5],[17,0.010691,6],[19,0.011557,7],[21,0.012492,8],[23,0.013502,9],[25,0.014592,10],[27,0.015768,11],[32,0,0],[34,0.007237,1],[36,0.007825,2],[38,0.008461,3],[40,0.009148,4],[42,0.00989,5],[44,0.010691,6],[46,0.011557,7],[48,0.012492,8],[50,0.013502,9],[52,0.014592,10],[54,0.015768,11],[59,0,0],[61,0.007825,2],[63,0.009148,4],[65,0.011557,7],[67,0.013502,9],[72,0,0],[74,0.009148,4],[76,0.011557,7],[81,0.431536,60],[86,0.5,0]],"roll":["(","(",0,"(",6000,1200,97,")",")","(",400,"(",6400,1200,97,")",")","(",800,"(",6700,1200,97,")",")",")"]}