{"initialConditions":{"species":"piano","specimenType":"scoreF","localEligibleFunctions":[0,1,2,3,4,5,6,7,8,9,10,11,12,14,15,16,17,18,19,20,25,35,36,37,41,42,43,44,46,48,98,99,100,101,104,109,110,131,134,135,170,171,173,174,175,176,177,178,179,181,186,187,199,200,201,202,262,277,279,280,281,282,284,286,288,290,291,310,311,312,313,314,315,316,317,319,320,321,322,323,324],"maxListCardinality":16,"phenotypeSeed":"90290888995290","germinalVector":[1,0.472136,1,0.867258,1,0.421433,1,0.590537,0,1,0.326238,0.53,0.541245,0,1,0.431483,0.57,0,0,1,0.826604,0,1,0.431483,0.57,0.236068,0,1,0.431483,0.57,0.236068,0,1,0.562306,0.55,0.376812,0,1,0.18034,0.56,0.802184,0,0,1,0.416408,0.58,0,0,1,0,0.5,0.492215,0,0,0]},"metadata":{"specimenID":"20220501091728064_jlm_progression_coolpedalnotes","GenoMusVersion":"0.9.02","iterations":0,"milliseconsElapsed":6,"depth":4,"voices":1,"events":36,"decGenotypeLength":108,"encGenotypeLength":55,"germinalVectorLength":55,"germinalVectorDeviation":0},"encodedGenotype":[1,0.472136,1,0.867258,1,0.421433,1,0.590537,0,1,0.326238,0.53,0.541245,0,1,0.431483,0.57,0,0,1,0.826604,0,1,0.431483,0.57,0.236068,0,1,0.431483,0.57,0.236068,0,1,0.562306,0.55,0.376812,0,1,0.18034,0.56,0.802184,0,0,1,0.416408,0.58,0,0,1,0,0.5,0.492215,0,0,0],"decodedGenotype":"s(vIterE(e5Pitches(nRnd(),m(65),mAutoref(0),mRnd(),mAutoref(2),mAutoref(2),a(55),i(60)),q(-36),p(0.492215)))","formattedGenotype":"s(\n   vIterE(\n      e5Pitches(\n         nRnd(),\n         m(65),\n         mAutoref(0),\n         mRnd(),\n         mAutoref(2),\n         mAutoref(2),\n         a(55),\n         i(60)),\n      q(-36),\n      p(0.492215)))","encodedPhenotype":[0.618034,0.249224,0.016766,0.09017,0.541245,0.541245,0.923586,0.716112,0.408934,0.376812,0.802184,0.507635,0.09017,0.541245,0.541245,0.32993,0.192059,0.39215,0.376812,0.802184,0.850268,0.09017,0.541245,0.541245,0.406749,0.687392,0.463767,0.376812,0.802184,0.702783,0.09017,0.541245,0.541245,0.75362,0.288846,0.440261,0.376812,0.802184,0.307106,0.09017,0.541245,0.541245,0.266745,0.625748,0.842651,0.376812,0.802184,0.939124,0.09017,0.541245,0.541245,0.936752,0.869562,0.710996,0.376812,0.802184,0.853991,0.09017,0.541245,0.541245,0.030156,0.997825,0.594836,0.376812,0.802184,0.366305,0.09017,0.541245,0.541245,0.661477,0.874836,0.679236,0.376812,0.802184,0.825965,0.09017,0.541245,0.541245,0.557788,0.704832,0.173681,0.376812,0.802184,0.55863,0.09017,0.541245,0.541245,0.318258,0.542402,0.48079,0.376812,0.802184,0.278296,0.09017,0.541245,0.541245,0.877161,0.187112,0.999195,0.376812,0.802184,0.14465,0.09017,0.541245,0.541245,0.88047,0.747838,0.063783,0.376812,0.802184,0.80702,0.09017,0.541245,0.541245,0.663261,0.188929,0.954656,0.376812,0.802184,0.200452,0.09017,0.541245,0.541245,0.301597,0.66624,0.12201,0.376812,0.802184,0.620189,0.09017,0.541245,0.541245,0.381456,0.479423,0.05356,0.376812,0.802184,0.010314,0.09017,0.541245,0.541245,0.83915,0.538995,0.689915,0.376812,0.802184,0.506138,0.09017,0.541245,0.541245,0.024456,0.898907,0.539917,0.376812,0.802184,0.307454,0.09017,0.541245,0.541245,0.584776,0.443655,0.292783,0.376812,0.802184,0.202165,0.09017,0.541245,0.541245,0.419524,0.480684,0.580737,0.376812,0.802184,0.931003,0.09017,0.541245,0.541245,0.116182,0.604366,0.379975,0.376812,0.802184,0.442438,0.09017,0.541245,0.541245,0.723596,0.797914,0.770719,0.376812,0.802184,0.547752,0.09017,0.541245,0.541245,0.828627,0.424247,0.666018,0.376812,0.802184,0.371624,0.09017,0.541245,0.541245,0.128253,0.288569,0.423629,0.376812,0.802184,0.801164,0.09017,0.541245,0.541245,0.679252,0.522823,0.029659,0.376812,0.802184,0.74848,0.09017,0.541245,0.541245,0.023655,0.447233,0.897699,0.376812,0.802184,0.459157,0.09017,0.541245,0.541245,0.63856,0.758574,0.547856,0.376812,0.802184,0.84803,0.09017,0.541245,0.541245,0.728597,0.552986,0.469043,0.376812,0.802184,0.851581,0.09017,0.541245,0.541245,0.870396,0.728436,0.438911,0.376812,0.802184,0.596304,0.09017,0.541245,0.541245,0.600696,0.250706,0.779209,0.376812,0.802184,0.118488,0.09017,0.541245,0.541245,0.041591,0.412777,0.899937,0.376812,0.802184,0.310085,0.09017,0.541245,0.541245,0.277848,0.671078,0.623379,0.376812,0.802184,0.470859,0.09017,0.541245,0.541245,0.611963,0.993846,0.76999,0.376812,0.802184,0.235392,0.09017,0.541245,0.541245,0.699163,0.389589,0.093236,0.376812,0.802184,0.664872,0.09017,0.541245,0.541245,0.390236,0.840567,0.701815,0.376812,0.802184,0.270012,0.09017,0.541245,0.541245,0.255077,0.390529,0.532866,0.376812,0.802184,0.411017,0.09017,0.541245,0.541245,0.243863,0.449851,0.322794,0.376812,0.802184],"subexpressions":{"scoreF":["s(vIterE(e5Pitches(nRnd(),m(65),mAutoref(0),mRnd(),mAutoref(2),mAutoref(2),a(55),i(60)),q(-36),p(0.492215)))"],"voiceF":["vIterE(e5Pitches(nRnd(),m(65),mAutoref(0),mRnd(),mAutoref(2),mAutoref(2),a(55),i(60)),q(-36),p(0.492215))"],"eventF":["e5Pitches(nRnd(),m(65),mAutoref(0),mRnd(),mAutoref(2),mAutoref(2),a(55),i(60))"],"paramF":["p(0.492215)"],"listF":[],"notevalueF":["nRnd()","n(0.3)"],"lnotevalueF":[],"durationF":[],"ldurationF":[],"midipitchF":["m(65)","mAutoref(0)","mRnd()","mAutoref(2)","m(69)"],"lmidipitchF":[],"frequencyF":[],"lfrequencyF":[],"articulationF":["a(55)","a(75)"],"larticulationF":[],"intensityF":["i(60)","i(70)"],"lintensityF":[],"goldenintegerF":[],"lgoldenintegerF":[],"quantizedF":["q(-36)"],"lquantizedF":[],"harmonyF":[],"operationF":[]},"leaves":[[12,0.541245,65],[35,0.376812,55],[40,0.802184,60],[46,0,-36],[51,0.492215,0.492215]],