{"metadata":{"iterations":1,"milliseconsElapsed":20,"voices":2,"events":126},"encodedGenotype":[1,0.275535,1,0.936141,1,0.854102,1,0.236068,1,0,0.5,0,0,1,0.326238,0.53,0.31,0,1,0,0.5,0,0,1,0,0.5,0,0,0,0,1,0.304952,0.57,0,0,1,0.429563,1,0.185365,1,0.09017,0.51,0.516874,0,1,0.326238,0.53,0.336205,0,1,0.326238,0.53,0.498833,0,1,0.326238,0.53,0.745865,0,1,0.562306,0.55,0.57024,0,1,0.18034,0.56,0.398432,0,0,1,0.962453,0,0,0,1,0.606798,1,0.63119,1,0.962453,0,1,0,0.5,0.513368,0,0,1,0.249224,1,0.816554,1,0,0.5,0.667294,0,1,0.962453,0,0,1,0.962453,0,0,1,0.068884,0.57,0.236068,0,1,0.816554,1,0,0.5,0.593074,0,1,0,0.5,0.586935,0,0,0,0],"decodedGenotype":"s2V(vABCABv(v(e(p(0),m(43),p(0),p(0))),vAutoref(0),vRepeatE(e3Pitches(n(0.14051),m(45.6205),m(61.8833),m(86.5865),a(0.651654),i(50.600864)),pRnd())),vMotifLoop(lIterP(pRnd(),p(0.513368)),lIterL(lRnd(p(0.667294),pRnd()),pRnd()),lAutoref(2),lRnd(p(0.593074),p(0.586935))))","formattedGenotype":"s2V(\n    vABCABv(\n        v(\n            e(\n                p(0),\n                m(43),\n                p(0),\n                p(0))),\n        vAutoref(0),\n        vRepeatE(\n            e3Pitches(\n                n(0.14051),\n                m(45.6205),\n                m(61.8833),\n                m(86.5865),\n                a(0.651654),\n                i(50.600864)),\n            pRnd())),\n    vMotifLoop(\n        lIterP(\n            pRnd(),\n            p(0.513368)),\n        lIterL(\n            lRnd(\n                p(0.667294),\n                pRnd()),\n            pRnd()),\n        lAutoref(2),\n        lRnd(\n            p(0.593074),\n            p(0.586935))))","encodedPhenotype":[0.236068,0.326238,0,0.618034,0.31,0,0,0,0.618034,0.31,0,0,0.516874,0.854102,0.336205,0.498833,0.745865,0.57024,0.398432,0.516874,0.854102,0.336205,0.498833,0.745865,0.57024,0.398432,0.516874,0.854102,0.336205,0.498833,0.745865,0.57024,0.398432,0,0.618034,0.31,0,0,0,0.618034,0.31,0,0,0.546045,0.589573,0.618034,0.55579,0.493639,0.290456,0.477331,0.618034,0.526803,0.608668,0.419939,0.589573,0.618034,0.577127,0.44975,0.224591,0.477331,0.618034,0.346028,0.478512,0.502935,0.589573,0.618034,0.336137,0.508801,0.48179,0.477331,0.618034,0.237382,0.61305,0.424372,0.589573,0.618034,0.56408,0.770183,0.619859,0.477331,0.618034,0.478511,0.636843,0.682001,0.589573,0.618034,0.753686,0.711741,0.585584,0.477331,0.618034,0.729277,0.757742,0.734921,0.589573,0.618034,0.694087,0.456772,0.623682,0.477331,0.618034,0.540414,0.278051,0.59861,0.589573,0.618034,0.146925,0.755846,0.362556,0.477331,0.618034,0.389823,0.639436,0.527932,0.589573,0.618034,0.429975,0.299579,0.358114,0.477331,0.618034,0.427795,0.500205,0.992484,0.589573,0.618034,0.418581,0.645491,0.441207,0.477331,0.618034,0.833669,0.467696,0.427256,0.589573,0.618034,0.433874,0.615464,0.475362,0.477331,0.618034,0.350521,0.277214,0.461702,0.589573,0.618034,0.518712,0.323643,0.553532,0.477331,0.618034,0.501792,0.496893,0.290456,0.589573,0.618034,0.465582,0.846328,0.419939,0.477331,0.618034,0.612218,0.774751,0.224591,0.589573,0.618034,0.312316,0.754903,0.502935,0.477331,0.618034,0.507065,0.636723,0.48179,0.589573,0.618034,0.654681,0.475464,0.424372,0.477331,0.618034,0.285747,0.385039,0.619859,0.589573,0.618034,0.546627,0.476536,0.682001,0.477331,0.618034,0.62012,0.482349,0.585584,0.589573,0.618034,0.538441,0.119673,0.734921,0.477331,0.618034,0.619658,0.535895,0.623682,0.589573,0.618034,0.580613,0.311761,0.59861,0.477331,0.618034,0.39614,0.746477,0.362556,0.589573,0.618034,0.551811,0.440059,0.527932,0.477331,0.618034,0.484463,0.933868,0.358114,0.589573,0.618034,0.385806,0.527424,0.992484,0.477331,0.618034,0.630716,0.46535,0.441207,0.589573,0.618034,0.627161,0.326787,0.427256,0.477331,0.618034,0.495309,0.188709,0.475362,0.589573,0.618034,0.407683,0.593035,0.461702,0.477331,0.618034,0.415367,0.534601,0.553532,0.589573,0.618034,0.479991,0.555714,0.290456,0.477331,0.618034,0.429861,0.380232,0.419939,0.589573,0.618034,0.463196,0.391823,0.224591,0.477331,0.618034,0.442484,0.437088,0.502935,0.589573,0.618034,0.677596,0.802329,0.48179,0.477331,0.618034,0.480442,0.446411,0.424372,0.589573,0.618034,0.493201,0.527161,0.619859,0.477331,0.618034,0.554001,0.412478,0.682001,0.589573,0.618034,0.59494,0.367246,0.585584,0.477331,0.618034,0.502962,0.293393,0.734921,0.589573,0.618034,0.563564,0.481729,0.623682,0.477331,0.618034,0.489463,0.469672,0.59861,0.589573,0.618034,0.512653,0.442119,0.362556,0.477331,0.618034,0.588263,0.533646,0.527932,0.589573,0.618034,0.495281,0.497267,0.358114,0.477331,0.618034,0.427506,0.375751,0.992484,0.589573,0.618034,0.586022,0.424679,0.441207,0.477331,0.618034,0.50128,0.630128,0.427256,0.589573,0.618034,0.382791,0.588954,0.475362,0.477331,0.618034,0.454833,0.532931,0.461702,0.589573,0.618034,0.356511,0.708896,0.553532,0.477331,0.618034,0.532223,0.596473,0.290456,0.589573,0.618034,0.38127,0.450409,0.419939,0.477331,0.618034,0.463622,0.851784,0.224591,0.589573,0.618034,0.562749,0.601043,0.502935,0.477331,0.618034,0.410567,0.161354,0.48179,0.589573,0.618034,0.375149,0.718071,0.424372,0.477331,0.618034,0.147669,0.459028,0.619859,0.589573,0.618034,0.283593,0.456311,0.682001,0.477331,0.618034,0.47231,0.273192,0.585584,0.589573,0.618034,0.484017,0.618528,0.734921,0.477331,0.618034,0.430447,0.764663,0.623682,0.589573,0.618034,0.562318,0.438079,0.59861,0.477331,0.618034,0.601546,0.260743,0.362556,0.589573,0.618034,0.666189,0.496506,0.527932,0.477331,0.618034,0.313778,0.265918,0.358114,0.589573,0.618034,0.590083,0.778612,0.992484,0.477331,0.618034,0.782643,0.446421,0.441207,0.589573,0.618034,0.339367,0.51517,0.427256,0.477331,0.618034,0.511261,0.578466,0.475362,0.589573,0.618034,0.609761,0.676394,0.461702,0.477331,0.618034,0.522298,0.558382,0.553532,0.589573,0.618034,0.600246,0.460929,0.290456,0.477331,0.618034,0.55579,0.55939,0.419939,0.589573,0.618034,0.526803,0.467654,0.224591,0.477331,0.618034,0.577127,0.286862,0.502935,0.589573,0.618034,0.346028,0.418629,0.48179,0.477331,0.618034,0.336137,0.575577,0.424372,0.589573,0.618034,0.237382,0.278171,0.619859,0.477331,0.618034,0.56408,0.321223,0.682001,0.589573,0.618034,0.478511,0.571374,0.585584,0.477331,0.618034,0.753686,0.522411,0.734921,0.589573,0.618034,0.729277,0.64659,0.623682,0.477331,0.618034,0.694087,0.373149,0.59861,0.589573,0.618034,0.540414,0.461446,0.362556,0.477331,0.618034,0.146925,0.372211,0.527932,0.589573,0.618034,0.389823,0.464482,0.358114,0.477331,0.618034,0.429975,0.553047,0.992484,0.589573,0.618034,0.427795,0.319068,0.441207,0.477331,0.618034,0.418581,0.35275,0.427256,0.589573,0.618034,0.833669,0.304801,0.475362,0.477331,0.618034,0.433874,0.690397,0.461702,0.589573,0.618034,0.350521,0.545979,0.553532,0.477331,0.618034,0.518712,0.447096,0.290456,0.589573,0.618034,0.501792,0.476099,0.419939,0.477331,0.618034,0.465582,0.56492,0.224591,0.589573,0.618034,0.612218,0.490966,0.502935,0.477331,0.618034,0.312316,0.561789,0.48179,0.589573,0.618034,0.507065,0.575904,0.424372,0.477331,0.618034,0.654681,0.086507,0.619859,0.589573,0.618034,0.285747,0.598806,0.682001,0.477331,0.618034,0.546627,0.311962,0.585584,0.589573,0.618034,0.62012,0.403245,0.734921,0.477331,0.618034,0.538441,0.438006,0.623682,0.589573,0.618034,0.619658,0.323592,0.59861,0.477331,0.618034,0.580613,0.627313,0.362556,0.589573,0.618034,0.39614,0.29005,0.527932],"subexpressions":{"paramF":["p(0)","pRnd()","p(0.513368)","p(0.667294)","p(0.593074)","p(0.586935)"],"listF":["lIterP(pRnd(),p(0.513368))","lRnd(p(0.667294),pRnd())","lIterL(lRnd(p(0.667294),pRnd()),pRnd())","lAutoref(2)","lRnd(p(0.593074),p(0.586935))"],"eventF":["e(p(0),m(43),p(0),p(0))","e3Pitches(n(0.14051),m(45.6205),m(61.8833),m(86.5865),a(0.651654),i(50.600864))"],