{"metadata":{"iterations":1,"milliseconsElapsed":9,"voices":4,"events":7},"encodedGenotype":[1,0.365705,1,0.365705,1,0.275535,1,0.957428,1,0.236068,1,0.09017,0.51,0.403834,0,1,0.326238,0.53,0.487387,0,1,0.562306,0.55,0.414079,0,1,0.18034,0.56,0.181929,0,0,1,0.686918,0.57,0,0,0,1,0.867258,1,0.803399,1,0.09017,0.51,0.492561,0,1,0.326238,0.53,0.04577,0,1,0.326238,0.53,0.410889,0,1,0.326238,0.53,0.807234,0,1,0.326238,0.53,0.339891,0,1,0.562306,0.55,0.387455,0,1,0.18034,0.56,0.846039,0,0,1,0.962453,0,0,0,1,0.854102,1,0.567331,1,0.09017,0.51,0.520917,0,1,0.326238,0.53,0.409178,0,1,0.326238,0.53,0.361846,0,1,0.562306,0.55,0.333576,0,1,0.18034,0.56,0.499975,0,0,0,0,1,0.867258,1,0.185365,1,0.09017,0.51,0.690995,0,1,0.326238,0.53,0.750374,0,1,0.326238,0.53,0.563316,0,1,0.326238,0.53,0.518676,0,1,0.562306,0.55,0.402556,0,1,0.18034,0.56,0.5689,0,0,1,0,0.5,0.561906,0,0,0],"decodedGenotype":"sAddV(sAddV(s2V(vConcatE(e(n(0.064183),m(60.7387),a(0.273052),i(23.104983)),eAutoref(0)),vIterE(e4Pitches(n(0.118718),m(16.577),m(53.0889),m(92.7234),m(45.9891),a(0.227924),i(107.446953)),pRnd())),v(e2Pitches(n(0.144503),m(52.9178),m(48.1846),a(0.151716),i(63.496825)))),vIterE(e3Pitches(n(0.469745),m(87.0374),m(68.3316),m(63.8676),a(0.252888),i(72.2503)),p(0.561906)))","formattedGenotype":"sAddV(\n    sAddV(\n        s2V(\n            vConcatE(\n                e(\n                    n(0.064183),\n                    m(60.7387),\n                    a(0.273052),\n                    i(23.104983)),\n                eAutoref(0)),\n            vIterE(\n                e4Pitches(\n                    n(0.118718),\n                    m(16.577),\n                    m(53.0889),\n                    m(92.7234),\n                    m(45.9891),\n                    a(0.227924),\n                    i(107.446953)),\n                pRnd())),\n        v(\n            e2Pitches(\n                n(0.144503),\n                m(52.9178),\n                m(48.1846),\n                a(0.151716),\n                i(63.496825)))),\n    vIterE(\n        e3Pitches(\n            n(0.469745),\n            m(87.0374),\n            m(68.3316),\n            m(63.8676),\n            a(0.252888),\n            i(72.2503)),\n        p(0.561906)))","encodedPhenotype":[0.472136,0.236068,0.403834,0.618034,0.487387,0.414079,0.181929,0.403834,0.618034,0.487387,0.414079,0.181929,0.236068,0.492561,0.472136,0.04577,0.410889,0.807234,0.339891,0.387455,0.846039,0.492561,0.472136,0.04577,0.410889,0.807234,0.339891,0.387455,0.846039,0.618034,0.520917,0.236068,0.409178,0.361846,0.333576,0.499975,0.236068,0.690995,0.854102,0.750374,0.563316,0.518676,0.402556,0.5689,0.690995,0.854102,0.750374,0.563316,0.518676,0.402556,0.5689],"subexpressions":{"paramF":["pRnd()","p(0.561906)"],"listF":[],"eventF":["e(n(0.064183),m(60.7387),a(0.273052),i(23.104983))","eAutoref(0)","e4Pitches(n(0.118718),m(16.577),m(53.0889),m(92.7234),m(45.9891),a(0.227924),i(107.446953))","e2Pitches(n(0.144503),m(52.9178),m(48.1846),a(0.151716),i(63.496825))","e3Pitches(n(0.469745),m(87.0374),m(68.3316),m(63.8676),a(0.252888),i(72.2503))"],"voiceF":["vConcatE(e(n(0.064183),m(60.7387),a(0.273052),i(23.104983)),eAutoref(0))","vIterE(e4Pitches(n(0.118718),m(16.577),m(53.0889),m(92.7234),m(45.9891),a(0.227924),i(107.446953)),pRnd())","v(e2Pitches(n(0.144503),m(52.9178),m(48.1846),a(0.151716),i(63.496825)))","vIterE(e3Pitches(n(0.469745),m(87.0374),m(68.3316),m(63.8676),a(0.252888),i(72.2503)),p(0.561906))"],"scoreF":["s2V(vConcatE(e(n(0.064183),m(60.7387),a(0.273052),i(23.104983)),eAutoref(0)),vIterE(e4Pitches(n(0.118718),m(16.577),m(53.0889),m(92.7234),m(45.9891),a(0.227924),i(107.446953)),pRnd()))","sAddV(s2V(vConcatE(e(n(0.064183),m(60.7387),a(0.273052),i(23.104983)),eAutoref(0)),vIterE(e4Pitches(n(0.118718),m(16.577),m(53.0889),m(92.7234),m(45.9891),a(0.227924),i(107.446953)),pRnd())),v(e2Pitches(n(0.144503),m(52.9178),m(48.1846),a(0.151716),i(63.496825))))","sAddV(sAddV(s2V(vConcatE(e(n(0.064183),m(60.7387),a(0.273052),i(23.104983)),eAutoref(0)),vIterE(e4Pitches(n(0.118718),m(16.577),m(53.0889),m(92.7234),m(45.9891),a(0.227924),i(107.446953)),pRnd())),v(e2Pitches(n(0.144503),m(52.9178),m(48.1846),a(0.151716),i(63.496825)))),vIterE(e3Pitches(n(0.469745),m(87.0374),m(68.3316),m(63.8676),a(0.252888),i(72.2503)),p(0.561906)))"],"notevalueF":["n(0.064183)","n(0.118718)","n(0.144503)","n(0.469745)"],"lnotevalueF":[],"durationF":[],"ldurationF":[],"midipitchF":["m(60.7387)","m(16.577)","m(53.0889)","m(92.7234)","m(45.9891)","m(52.9178)","m(48.1846)","m(87.0374)","m(68.3316)","m(63.8676)"],"lmidipitchF":[],"frequencyF":[],"lfrequencyF":[],"articulationF":["a(0.273052)","a(0.227924)","a(0.151716)","a(0.252888)"],"larticulationF":[],"intensityF":["i(23.104983)","i(107.446953)","i(63.496825)","i(72.2503)"],"lintensityF":[],"goldenintegerF":[],"lgoldenintegerF":[],"quantizedF":[],"lquantizedF":[],"operationF":[]},"roll":["(","(",0,"(",6073.87,70.10118606400002,23.104983,")",")","(",256.732,"(",6073.87,70.10118606400002,23.104983,")",")",")","(","(",0,"(",1657.7000000000003,108.234725728,107.446953,")","(",5308.89,108.234725728,107.446953,")","(",9272.34,108.234725728,107.446953,")","(",4598.91,108.234725728,107.446953,")",")","(",474.872,"(",1657.7000000000003,108.234725728,107.446953,")","(",5308.89,108.234725728,107.446953,")","(",9272.34,108.234725728,107.446953,")","(",4598.91,108.234725728,107.446953,")",")",")","(","(",0,"(",5291.78,87.69366859199998,63.496825,")","(",4818.46,87.69366859199998,63.496825,")",")",")","(","(",0,"(",8703.74,475.17149424,72.2503,")","(",6833.16,475.17149424,72.2503,")","(",6386.76,475.17149424,72.2503,")",")","(",1878.98,"(",8703.74,475.17149424,72.2503,")","(",6833.16,475.17149424,72.2503,")","(",6386.76,475.17149424,72.2503,")",")",")"]}