{"metadata":{"numVoices":2,"numEvents":14},"encodedGenotype":[1,0.193496,1,0.275535,1,0.606798,1,0.618034,0.8,0.5,0.5,0.2,0,1,0.970583,1,0,0.5,0.5,0,1,0,0.5,0.621643,0,0,1,0.970583,1,0.962453,0,1,0,0.5,0.526322,0,0,1,0.026311,1,0.962453,0,1,0.45085,0.57,0.236068,0,1,0,0.5,0.369781,0,1,0.962453,0,1,0,0.5,0.608381,0,0,0,1,0.429563,1,0.236068,1,0,0.5,0,0,1,0,0.5,0,0,1,0,0.5,0,0,1,0,0.5,0,0,0,1,0.45085,0.57,0.618034,0,0,0,1,0.193496,1,0.275535,1,0.854102,1,0.567331,1,0.09017,0.51,0.575764,0,1,0.326238,0.53,-0.12,0,1,0.431483,0.57,0,0,1,0.562306,0.55,0.42321,0,1,0.18034,0.56,0,0,0,0,1,0.867258,1,0.686918,0.57,0.618034,0,1,0.962453,0,0,0,1,0.472136,1,0.867258,1,0.686918,0.57,0.236068,0,1,0.962453,0,0,0,0,0],"decodedGenotype":"sConcatS(s2V(vMotifLoop(l([0.5]),lRepeatP(p(0.5),p(0.621643)),lRepeatP(pRnd(),p(0.526322)),l5P(pRnd(),pAutoref(2),p(0.369781),pRnd(),p(0.608381))),vRepeatE(e(p(0),p(0),p(0),p(0)),pAutoref(1))),sConcatS(s2V(v(e2Pitches(n(0.21134),m(0),mAutoref(0),a(0.289731),i(0))),vIterE(eAutoref(1),pRnd())),s(vIterE(eAutoref(2),pRnd()))))","formattedGenotype":"sConcatS(\n    s2V(\n        vMotifLoop(\n            l([0.5]),\n            lRepeatP(\n                p(0.5),\n                p(0.621643)),\n            lRepeatP(\n                pRnd(),\n                p(0.526322)),\n            l5P(\n                pRnd(),\n                pAutoref(2),\n                p(0.369781),\n                pRnd(),\n                p(0.608381))),\n        vRepeatE(\n            e(\n                p(0),\n                p(0),\n                p(0),\n                p(0)),\n            pAutoref(1))),\n    sConcatS(\n        s2V(\n            v(\n                e2Pitches(\n                    n(0.21134),\n                    m(0),\n                    mAutoref(\n                        0),\n                    a(0.289731),\n                    i(0))),\n            vIterE(\n                eAutoref(1),\n                pRnd())),\n        s(\n            vIterE(\n                eAutoref(2),\n                pRnd()))))","encodedPhenotype":[0.236068,0.562306,0.5,0.618034,0.5,0.706344,0.540099,0.5,0.618034,0.5,0.706344,0.403465,0.5,0.618034,0.5,0.706344,0.369781,0.5,0.618034,0.5,0.706344,0.566073,0.5,0.618034,0.5,0.706344,0.608381,0.675764,0.236068,-0.12,-0.12,0.42321,0,0.575764,0.236068,-0.12,-0.12,0.42321,0,0.575764,0.236068,-0.12,-0.12,0.42321,0,0.575764,0.236068,-0.12,-0.12,0.42321,0,0.09017,0,0.618034,0,0,0,0,0.618034,0,0,0,0.730378,0.618034,0,0,0,0.575764,0.236068,-0.12,-0.12,0.42321,0,0.575764,0.236068,-0.12,-0.12,0.42321,0],"subexpressions":{"paramF":["p(0.5)","p(0.621643)","pRnd()","p(0.526322)","pAutoref(2)","p(0.369781)","p(0.608381)","p(0)","pAutoref(1)"],"listF":["l([0.5])","lRepeatP(p(0.5),p(0.621643))","lRepeatP(pRnd(),p(0.526322))","l5P(pRnd(),pAutoref(2),p(0.369781),pRnd(),p(0.608381))"],"eventF":["e(p(0),p(0),p(0),p(0))","e2Pitches(n(0.21134),m(0),mAutoref(0),a(0.289731),i(0))","eAutoref(1)","eAutoref(2)"],"voiceF":["vMotifLoop(l([0.5]),lRepeatP(p(0.5),p(0.621643)),lRepeatP(pRnd(),p(0.526322)),l5P(pRnd(),pAutoref(2),p(0.369781),pRnd(),p(0.608381)))","vRepeatE(e(p(0),p(0),p(0),p(0)),pAutoref(1))","v(e2Pitches(n(0.21134),m(0),mAutoref(0),a(0.289731),i(0)))","vIterE(eAutoref(1),pRnd())","vIterE(eAutoref(2),pRnd())"],"scoreF":["s2V(vMotifLoop(l([0.5]),lRepeatP(p(0.5),p(0.621643)),lRepeatP(pRnd(),p(0.526322)),l5P(pRnd(),pAutoref(2),p(0.369781),pRnd(),p(0.608381))),vRepeatE(e(p(0),p(0),p(0),p(0)),pAutoref(1)))","s2V(v(e2Pitches(n(0.21134),m(0),mAutoref(0),a(0.289731),i(0))),vIterE(eAutoref(1),pRnd()))","s(vIterE(eAutoref(2),pRnd()))","sConcatS(s2V(v(e2Pitches(n(0.21134),m(0),mAutoref(0),a(0.289731),i(0))),vIterE(eAutoref(1),pRnd())),s(vIterE(eAutoref(2),pRnd())))","sConcatS(s2V(vMotifLoop(l([0.5]),lRepeatP(p(0.5),p(0.621643)),lRepeatP(pRnd(),p(0.526322)),l5P(pRnd(),pAutoref(2),p(0.369781),pRnd(),p(0.608381))),vRepeatE(e(p(0),p(0),p(0),p(0)),pAutoref(1))),sConcatS(s2V(v(e2Pitches(n(0.21134),m(0),mAutoref(0),a(0.289731),i(0))),vIterE(eAutoref(1),pRnd())),s(vIterE(eAutoref(2),pRnd()))))"],"notevalueF":["n(0.21134)"],"lnotevalueF":[],"durationF":[],"ldurationF":[],"midipitchF":["m(0)","mAutoref(0)"],"lmidipitchF":[],"frequencyF":[],"lfrequencyF":[],"articulationF":["a(0.289731)"],"larticulationF":[],"intensityF":["i(0)"],"lintensityF":[],"goldenintegerF":[],"lgoldenintegerF":[],"quantizedF":[],"lquantizedF":[],"operationF":[]},"roll":["(","(",0,"(",6200,583.0085,68.592573,")",")","(",500,"(",6200,583.0085,51.240055,")",")","(",1000,"(",6200,583.0085,46.962187,")",")","(",1500,"(",6200,583.0085,71.891271,")",")","(",2000,"(",6200,583.0085,77.264387,")",")","(",2500,"(",0,489.855155244,0,")","(",0,489.855155244,0,")",")","(",4190.724,"(",0,244.92699816,0,")","(",0,244.92699816,0,")",")","(",5036.084,"(",0,244.92699816,0,")","(",0,244.92699816,0,")",")","(",5881.4439999999995,"(",0,244.92699816,0,")","(",0,244.92699816,0,")",")",")","(","(",0,"(",1200,0,0,")",")","(",15.624,"(",1200,0,0,")",")","(",31.248,"(",1200,0,0,")",")","(",2499.996,"(",0,244.92699816,0,")","(",0,244.92699816,0,")",")","(",3345.356,"(",0,244.92699816,0,")","(",0,244.92699816,0,")",")",")"]}