{"metadata":{"versionGenoMus":"0.7.5","creationTimecode":20190628201246,"iterations":12,"millisecondsEllapsed":16,"genotypeLength":371},"genotypeSeed":90917408433543,"phenotypeSeed":54453026182996,"encodedGenotype":[0.882656,0.127151,0.429801,0.429399,0,0.772622,0.89508,0,0.316015,0.794971,0,0.887835,0.203567,0,0.219581,0.151214,0.453208,0.693382,0,0.031531,0.931001,0,0.795755,0.319741,0,0.476356,0.952281,0,0.292418,0.44798,0.905405,0.522655,0,0.3782,0.33581,0.527943,0,0.968485,0.611782,0,0.665409,0.549348,0,0.616924,0.835724,0.774507,0.922971,0.130514,0.946904,0.857949,0.988798,0.819583,0,0.332493,0.145864,0.522797,0,0.379068,0.847841,0,0.009331,0.230898,0,0.969866,0.909538,0.364369,0,0.402457,0.027018,0.422702,0,0.373651,0.451719,0,0.706751,0.023792,0.462104,0,0.75616,0.148179,0.76119,0,0.370753,0.808672,0,0.618881,0.754493,0.755428,0,0.231187,0.137082,0.296309,0,0.27706,0.327882,0.273733,0,0.234702,0.729735,0,0.173107],"decodedGenotype":"sFiveVoices(vChordsWrapper(cRandomOctavesChord(pRand(),p(0.316015),pAutoRef(1),pGaussRand())),vChordsWrapper(cRandomMajorChord(pAutoRef(3),p(0.795755),pGaussRand(),p(0.292418))),vMutate(vDiatonize(vAutoRef(2),mMinorMelodicMode(pRand())),pAutoRef(4),pRand()),vDiatonize(vDiatonize(vDiatonize(vChordsWrapper(cProgression(cDiatonize(cProgression(cAutoRef(1),pRandRange(pRand(),p(0.009331)),pGaussRand()),mRandomPCSet(pGaussRand())),pRandRange(pRand(),pRand()),pRandRange(pRand(),pRandRange(pAutoRef(3),p(0.618881))))),mOctatonic(pAutoRef(6))),mNaturalMode(pGaussRand())),mMinorMelodicMode(pGaussRand())),vAutoRef(3))","expandedGenotype":"sFiveVoices(\n    vChordsWrapper(\n        cRandomOctavesChord(\n            pRand(),\n            p(0.316015),\n            pAutoRef(1),\n            pGaussRand())),\n    vChordsWrapper(\n        cRandomMajorChord(\n            pAutoRef(3),\n            p(0.795755),\n            pGaussRand(),\n            p(0.292418))),\n    vMutate(\n        vDiatonize(\n            vAutoRef(2),\n            mMinorMelodicMode(\n                pRand())),\n        pAutoRef(4),\n        pRand()),\n    vDiatonize(\n        vDiatonize(\n            vDiatonize(\n                vChordsWrapper(\n                    cProgression(\n                        cDiatonize(\n                            cProgression(\n                                cAutoRef(1),\n                                pRandRange(\n                                    pRand(),\n                                    p(0.009331)),\n                                pGaussRand()),\n                            mRandomPCSet(\n                                pGaussRand())),\n                        pRandRange(\n                            pRand(),\n                            pRand()),\n                        pRandRange(\n                            pRand(),\n                            pRandRange(\n                                pAutoRef(3),\n                                p(0.618881))))),\n                mOctatonic(\n                    pAutoRef(6))),\n            mNaturalMode(\n                pGaussRand())),\n        mMinorMelodicMode(\n            pGaussRand())),\n    vAutoRef(3))","leaves":[0.316015,0.795755,0.292418,0.795755,0.292418,0.316015,0.009331,0.618881,0.009331,0.795755,0.292418],"encodedLeaves":[[8,0.316015],[22,0.795755],[28,0.292418],[60,0.009331],[85,0.618881]],"subexpressions":{"scoreF":["sFiveVoices(vChordsWrapper(cRandomOctavesChord(pRand(),p(0.316015),pAutoRef(1),pGaussRand())),vChordsWrapper(cRandomMajorChord(pAutoRef(3),p(0.795755),pGaussRand(),p(0.292418))),vMutate(vDiatonize(vAutoRef(2),mMinorMelodicMode(pRand())),pAutoRef(4),pRand()),vDiatonize(vDiatonize(vDiatonize(vChordsWrapper(cProgression(cDiatonize(cProgression(cAutoRef(1),pRandRange(pRand(),p(0.009331)),pGaussRand()),mRandomPCSet(pGaussRand())),pRandRange(pRand(),pRand()),pRandRange(pRand(),pRandRange(pAutoRef(3),p(0.618881))))),mOctatonic(pAutoRef(6))),mNaturalMode(pGaussRand())),mMinorMelodicMode(pGaussRand())),vAutoRef(3))"],"voiceF":["vChordsWrapper(cRandomOctavesChord(pRand(),p(0.316015),pAutoRef(1),pGaussRand()))","vChordsWrapper(cRandomMajorChord(pAutoRef(3),p(0.795755),pGaussRand(),p(0.292418)))","vAutoRef(2)","vDiatonize(vAutoRef(2),mMinorMelodicMode(pRand()))","vMutate(vDiatonize(vAutoRef(2),mMinorMelodicMode(pRand())),pAutoRef(4),pRand())","vChordsWrapper(cProgression(cDiatonize(cProgression(cAutoRef(1),pRandRange(pRand(),p(0.009331)),pGaussRand()),mRandomPCSet(pGaussRand())),pRandRange(pRand(),pRand()),pRandRange(pRand(),pRandRange(pAutoRef(3),p(0.618881)))))","vDiatonize(vChordsWrapper(cProgression(cDiatonize(cProgression(cAutoRef(1),pRandRange(pRand(),p(0.009331)),pGaussRand()),mRandomPCSet(pGaussRand())),pRandRange(pRand(),pRand()),pRandRange(pRand(),pRandRange(pAutoRef(3),p(0.618881))))),mOctatonic(pAutoRef(6)))","vDiatonize(vDiatonize(vChordsWrapper(cProgression(cDiatonize(cProgression(cAutoRef(1),pRandRange(pRand(),p(0.009331)),pGaussRand()),mRandomPCSet(pGaussRand())),pRandRange(pRand(),pRand()),pRandRange(pRand(),pRandRange(pAutoRef(3),p(0.618881))))),mOctatonic(pAutoRef(6))),mNaturalMode(pGaussRand()))","vDiatonize(vDiatonize(vDiatonize(vChordsWrapper(cProgression(cDiatonize(cProgression(cAutoRef(1),pRandRange(pRand(),p(0.009331)),pGaussRand()),mRandomPCSet(pGaussRand())),pRandRange(pRand(),pRand()),pRandRange(pRand(),pRandRange(pAutoRef(3),p(0.618881))))),mOctatonic(pAutoRef(6))),mNaturalMode(pGaussRand())),mMinorMelodicMode(pGaussRand()))","vAutoRef(3)"],"chordF":["cRandomOctavesChord(pRand(),p(0.316015),pAutoRef(1),pGaussRand())","cRandomMajorChord(pAutoRef(3),p(0.795755),pGaussRand(),p(0.292418))","cAutoRef(1)","cProgression(cAutoRef(1),pRandRange(pRand(),p(0.009331)),pGaussRand())","cDiatonize(cProgression(cAutoRef(1),pRandRange(pRand(),p(0.009331)),pGaussRand()),mRandomPCSet(pGaussRand()))","cProgression(cDiatonize(cProgression(cAutoRef(1),pRandRange(pRand(),p(0.009331)),pGaussRand()),mRandomPCSet(pGaussRand())),pRandRange(pRand(),pRand()),pRandRange(pRand(),pRandRange(pAutoRef(3),p(0.618881))))"],"modeF":["mMinorMelodicMode(pRand())","mRandomPCSet(pGaussRand())","mOctatonic(pAutoRef(6))","mNaturalMode(pGaussRand())","mMinorMelodicMode(pGaussRand())"],"arrayF":[],"paramF":["pRand()","pAutoRef(1)","pGaussRand()","pAutoRef(3)","pAutoRef(4)","pRandRange(pRand(),p(0.009331))","pRandRange(pRand(),pRand())","pRandRange(pAutoRef(3),p(0.618881))","pRandRange(pRand(),pRandRange(pAutoRef(3),p(0.618881)))","pAutoRef(6)"]},