{"metadata":{"iterations":0,"milliseconsElapsed":0,"voices":3,"events":17},"encodedGenotype":[1,0.365705,1,0.275535,1,0.854102,1,0.236068,1,0,0.5,0,0,1,0.326238,0.53,0.31,0,1,0,0.5,0,0,1,0,0.5,0,0,0,0,1,0.854102,1,0.236068,1,0.09017,0.51,0.38665,0,1,0.326238,0.53,0.573357,0,1,0.562306,0.55,0.246104,0,1,0.18034,0.56,0.474687,0,0,0,0,1,0.606798,1,0.816554,1,0.962453,0,1,0,0.5,0.486356,0,0,1,0.339394,1,0.790243,1,0.962453,0,1,0.962453,0,1,0.962453,0,0,1,0.816554,1,0,0.5,0.230358,0,1,0.962453,0,0,0,1,0.970583,1,0,0.5,0.391396,0,1,0.962453,0,0,1,0.816554,1,0,0.5,0.264679,0,1,0.962453,0,0,0,0],"decodedGenotype":"sAddV(s2V(v(e(p(0),m(43),p(0),p(0))),v(e(n(0.056976),m(69.3357),a(0.066376),i(60.285249)))),vMotifLoop(lRnd(pRnd(),p(0.486356)),lConcatL(l3P(pRnd(),pRnd(),pRnd()),lRnd(p(0.230358),pRnd())),lRepeatP(p(0.391396),pRnd()),lRnd(p(0.264679),pRnd())))","formattedGenotype":"sAddV(\n    s2V(\n        v(\n            e(\n                p(0),\n                m(43),\n                p(0),\n                p(0))),\n        v(\n            e(\n                n(0.056976),\n                m(69.3357),\n                a(0.066376),\n                i(60.285249)))),\n    vMotifLoop(\n        lRnd(\n            pRnd(),\n            p(0.486356)),\n        lConcatL(\n            l3P(\n                pRnd(),\n                pRnd(),\n                pRnd()),\n            lRnd(\n                p(0.230358),\n                pRnd())),\n        lRepeatP(\n            p(0.391396),\n            pRnd()),\n        lRnd(\n            p(0.264679),\n            pRnd())))","encodedPhenotype":[0.854102,0.618034,0,0.618034,0.31,0,0,0.618034,0.38665,0.618034,0.573357,0.246104,0.474687,0.27051,0.678531,0.618034,0.735645,0.391396,0.745199,0.421749,0.618034,0.619404,0.391396,0.291711,0.678531,0.618034,0.501051,0.391396,0.635956,0.421749,0.618034,0.488401,0.391396,0.413462,0.678531,0.618034,0.288237,0.391396,0.662794,0.421749,0.618034,0.458287,0.391396,0.683697,0.678531,0.618034,0.693856,0.391396,0.745199,0.421749,0.618034,0.477154,0.391396,0.291711,0.678531,0.618034,0.371636,0.391396,0.635956,0.421749,0.618034,0.422182,0.391396,0.413462,0.678531,0.618034,0.429285,0.391396,0.662794,0.421749,0.618034,0.142815,0.391396,0.683697,0.678531,0.618034,0.668471,0.391396,0.745199,0.421749,0.618034,0.40581,0.391396,0.291711,0.678531,0.618034,0.503402,0.391396,0.635956],"subexpressions":{"paramF":["p(0)","pRnd()","p(0.486356)","p(0.230358)","p(0.391396)","p(0.264679)"],"listF":["lRnd(pRnd(),p(0.486356))","l3P(pRnd(),pRnd(),pRnd())","lRnd(p(0.230358),pRnd())","lConcatL(l3P(pRnd(),pRnd(),pRnd()),lRnd(p(0.230358),pRnd()))","lRepeatP(p(0.391396),pRnd())","lRnd(p(0.264679),pRnd())"],"eventF":["e(p(0),m(43),p(0),p(0))","e(n(0.056976),m(69.3357),a(0.066376),i(60.285249))"],"voiceF":["v(e(p(0),m(43),p(0),p(0)))","v(e(n(0.056976),m(69.3357),a(0.066376),i(60.285249)))","vMotifLoop(lRnd(pRnd(),p(0.486356)),lConcatL(l3P(pRnd(),pRnd(),pRnd()),lRnd(p(0.230358),pRnd())),lRepeatP(p(0.391396),pRnd()),lRnd(p(0.264679),pRnd()))"],"scoreF":["s2V(v(e(p(0),m(43),p(0),p(0))),v(e(n(0.056976),m(69.3357),a(0.066376),i(60.285249))))","sAddV(s2V(v(e(p(0),m(43),p(0),p(0))),v(e(n(0.056976),m(69.3357),a(0.066376),i(60.285249)))),vMotifLoop(lRnd(pRnd(),p(0.486356)),lConcatL(l3P(pRnd(),pRnd(),pRnd()),lRnd(p(0.230358),pRnd())),lRepeatP(p(0.391396),pRnd()),lRnd(p(0.264679),pRnd())))"],"notevalueF":["n(0.056976)"],"lnotevalueF":[],"durationF":[],"ldurationF":[],"midipitchF":["m(43)","m(69.3357)"],"lmidipitchF":[],"frequencyF":[],"lfrequencyF":[],"articulationF":["a(0.066376)"],"larticulationF":[],"intensityF":["i(60.285249)"],"lintensityF":[],"goldenintegerF":[],"lgoldenintegerF":[],"quantizedF":[],"lquantizedF":[],"operationF":[]},"roll":["(","(",0,"(",4300,0,0,")",")",")","(","(",0,"(",6933.570000000001,15.127355904000002,60.285249,")",")",")","(","(",0,"(",8556.449999999999,403.774869384,94.640273,")",")","(",1723.4640000000002,"(",7394.04,68.099863956,37.047297,")",")","(",2014.14,"(",6210.51,403.774869384,80.766412,")",")","(",3737.6040000000003,"(",6084.01,68.099863956,52.509674,")",")","(",4028.28,"(",4082.3700000000003,403.774869384,84.174838,")",")","(",5751.744000000001,"(",5782.87,68.099863956,86.829519,")",")","(",6042.420000000001,"(",8138.5599999999995,403.774869384,94.640273,")",")","(",7765.884000000001,"(",5971.54,68.099863956,37.047297,")",")","(",8056.560000000001,"(",4916.360000000001,403.774869384,80.766412,")",")","(",9780.024000000001,"(",5421.820000000001,68.099863956,52.509674,")",")","(",10070.7,"(",5492.85,403.774869384,84.174838,")",")","(",11794.164,"(",2628.15,68.099863956,86.829519,")",")","(",12084.84,"(",7884.71,403.774869384,94.640273,")",")","(",13808.304,"(",5258.1,68.099863956,37.047297,")",")","(",14098.98,"(",6234.02,403.774869384,80.766412,")",")",")"]}